sample_question_id,normalized_question,question_text,topic,source_file,occurrence_count,first_line
534e8c894772,t o,T.O.,P.T.O.,CSE 3rd year.pdf,4,3467
7de9e4fd1cca,define the following terms,Define the following terms:,Section A,CSE 3rd year.pdf,3,1729
c95ee47689a0,tech,TECH. (CSE) (SEMESTER-V),B.TECH. (CSE) (SEMESTER-V),CSE 3rd year.pdf,3,1719
e9d71f5ee7c9,b,b),CONSTITUTION OF INDIA,CSE 3rd year.pdf,2,2594
426fe37bf4fe,differentiate between sparse and dense graphs,Differentiate between sparse and dense graphs?,Section C Section,CSE 3rd year.pdf,2,7158
249d56e4f1fa,discuss the fundamental rights conferred to citizens as per the indian constitution,Discuss the Fundamental Rights conferred to citizens as per the Indian  Constitution.,CONSTITUTION OF INDIA,CSE 3rd year.pdf,2,2595
d814b0059152,a what do you understand by directive principles of state policy,a) What do you understand by Directive Principles of State Policy?,CONSTITUTION OF INDIA,CSE 3rd year.pdf,2,2594
7f04fe5a3c8e,discuss time complexity of insertion sort algorithm in its best case,Discuss time complexity of Insertion Sort Algorithm in its best case.,Section D,CSE 3rd year.pdf,2,7185
3e460ee5ca60,apply and show stepwise,Apply and show stepwise,Section C Section,CSE 3rd year.pdf,2,7153
eb050e6342d5,differentiate between min heap and max heap,Differentiate between Min-Heap and Max-Heap?,Section C Section,CSE 3rd year.pdf,2,7153
f7c1380a0d71,explain,Explain.,ST021_005 | 103.170.7,CSE 3rd year.pdf,2,2316
a70e34c32a84,explain how we can solve a given knapsack problem with the help of branch and bound techniques,Explain how we can solve a given 0/1 Knapsack problem with the help of Branch and Bound techniques,Section C Section,CSE 3rd year.pdf,2,7166
ef7573952f0b,constitution,constitution?,CONSTITUTION OF INDIA,CSE 3rd year.pdf,2,2599
618e82323171,attempt any two parts of the following,Attempt any TWO parts of the following,(C),CSE 3rd year.pdf,2,432
5200bd4849c5,give algorithm to solve the queen problem using backtracking approach,Give algorithm to solve the 8-Queen problem using backtracking approach.,Section C Section,CSE 3rd year.pdf,2,7171
de5029608724,give bellman ford algorithm for single source shortest path,Give bellman-ford algorithm for single source shortest path.,Section B,CSE 3rd year.pdf,2,7126
7737ffcc12c1,have multiple spanning trees,have multiple spanning trees?,03 [P.T.O.],CSE 3rd year.pdf,2,7138
c1c01d7e3936,if yes provide a suitable example,"If yes, provide a suitable example.",03 [P.T.O.],CSE 3rd year.pdf,2,7138
c1c01d7e3936,if yes provide a suitable example,"If yes, provide a suitable example.",Section B,CSE 3rd year.pdf,2,7124
662893da2fe1,is better and inwhich case,is better and inwhich case?,Section C Section,CSE 3rd year.pdf,2,7160
908786afd3a1,is it possible for a graph to,Is it possible for a graph to,03 [P.T.O.],CSE 3rd year.pdf,2,7136
93558813002b,is it possible for a graph to have,Is it possible for a graph to have,Section B,CSE 3rd year.pdf,2,7122
dd10a31b68b1,length encoding,length encoding?,Section E,CSE 3rd year.pdf,2,7225
6dce0043c03e,multiple spanning trees,multiple spanning trees?,Section B,CSE 3rd year.pdf,2,7124
b8c36a065388,per indian constitution,per  Indian Constitution?,CONSTITUTION OF INDIA,CSE 3rd year.pdf,2,2609
289d2310e55f,please explain using a suitable example,Please explain using a suitable example,03 [P.T.O.],CSE 3rd year.pdf,2,7143
7efabe9841dd,recurrence tree what do you understand by this analysis,recurrence tree. What do you understand by this analysis?,Section E,CSE 3rd year.pdf,2,7230
ec4ab08b2f4f,sic,0sic,Section A,CSE 3rd year.pdf,2,7076
bbb930cc4265,statement,statement?,03 [P.T.O.],CSE 3rd year.pdf,2,7143
ad958fbce0a4,give algorithm of heap sort,Give algorithm of Heap Sort,Section C Section,CSE 3rd year.pdf,2,7175
a6b9690c150c,a data file of characters contains only the,"A data file of 100,000 characters contains only the",Section E,CSE 3rd year.pdf,2,7217
969053fe8adf,union territories,Union  Territories?,CONSTITUTION OF INDIA,CSE 3rd year.pdf,2,2632
25f2b830275e,what do you understand by minimum spanning tree,What do you understand by minimum spanning tree?,03 [P.T.O.],CSE 3rd year.pdf,2,7136
25f2b830275e,what do you understand by minimum spanning tree,What do you understand by minimum spanning tree?,Section B,CSE 3rd year.pdf,2,7122
8ac55f925a16,what do you understand by these two programming paradigm i e greedy approach and dynamic programming,What do you understand by these two programming paradigm i.e. Greedy approach and Dynamic programming?,Section B,CSE 3rd year.pdf,2,7115
49b87130b089,what will be thespace complexity of this program and why,What will be thespace complexity of this program and why?,Section E,CSE 3rd year.pdf,2,7215
e59bf67cefa5,which representation of graph,Which representation of graph,Section C Section,CSE 3rd year.pdf,2,7158
31b2dc51c4c2,why do we use huffman codes,Why do we use Huffman codes?,Section E,CSE 3rd year.pdf,2,7217
ed0801914378,and why,and why?,UNIT-I,CSE 3rd year.pdf,1,5726
507d9c0648b0,and why are they important in databases,and why are they important in databases?,DATABASE MANAGEMENT SYSTEM,CSE 3rd year.pdf,1,7031
a64bdc61e48c,anova provide an example of when anova would be used,ANOVA. Provide an  example of when ANOVA would be used?,DATA ANALYTICS,CSE 3rd year.pdf,1,6893
1b992db01de0,answer any two parts of the following,170.70.207 | 18/06/2025 12Answer any two parts of the following. (10x2= 20),ST021_005 | 103.170.7,CSE 3rd year.pdf,1,2325
1b992db01de0,answer any two parts of the following,170.70.207 | 18/06/202Answer any two parts of the following. (10x2= 20),CST021_005 |,CSE 3rd year.pdf,1,2364
3c02c101f6fa,answer any two parts of the following a what is the data model,Answer any two parts of the following. (10x2= 20) a) (i) What is the Data Model?,DATABASE MANAGEMENT SYSTEM,CSE 3rd year.pdf,1,6977
f380cbcd9a79,architecture,architecture?,ΑΠΟ ΠΟ,CSE 3rd year.pdf,1,6225
f78c5a76a138,are there any conflict entries,Are there any conflict entries?,OM HOR,CSE 3rd year.pdf,1,5432
8b3c2ce1b48e,assumptions made in the case of non parametric tests,assumptions made in the  case of Non-Parametric tests?,DATA ANALYTICS,CSE 3rd year.pdf,1,6896
e44ea7dfe894,attached to production,attached to production?,S🡪AA,CSE 3rd year.pdf,1,1193
1d6a9fe8214c,attempt any four,Attempt any four:,COMPUTER NETWORK,CSE 3rd year.pdf,1,2145
3fae9237dd4a,attempt any four of the following,2. Attempt any four of the following:,GRAPH THEORY,CSE 3rd year.pdf,1,3533
eff23463dd3b,attempt any four parts of the following,1. Attempt any four parts of the following:,NETWORKS,CSE 3rd year.pdf,1,2414
eff23463dd3b,attempt any four parts of the following,2. Attempt any four parts of the following:,WAN,CSE 3rd year.pdf,1,2445
eff23463dd3b,attempt any four parts of the following,Attempt any FOUR parts of the following,(F),CSE 3rd year.pdf,1,386
eff23463dd3b,attempt any four parts of the following,Attempt any FOUR parts of the following.,NOTE:,CSE 3rd year.pdf,1,348
ff14e1c3a6cc,attempt any four questions,Attempt any four questions(4 × 5 = 20),Q1.,CSE 3rd year.pdf,1,1289
829b528241be,attempt any two of the following,3. Attempt any two of the following:,TCS-604 // 2000,CSE 3rd year.pdf,1,3562
829b528241be,attempt any two of the following,4. Attempt any two of the following:,TCS-604 // 2000,CSE 3rd year.pdf,1,3578
829b528241be,attempt any two of the following,5. Attempt any two of the following:,TCS-604 // 2000,CSE 3rd year.pdf,1,3614
618e82323171,attempt any two parts of the following,5. Attempt any two parts of the following:,Q.4.,CSE 3rd year.pdf,1,2517
618e82323171,attempt any two parts of the following,Attempt any TWO parts of the following,5 X 4,CSE 3rd year.pdf,1,410
b4084b27c67c,attempt any two questions,5. Attempt any two Questions:,T -> T*FIF,CSE 3rd year.pdf,1,1457
0b24173904cf,b c what is activation record,(a*b)+(c-d)*(a*b)+b c) What is activation record?,"EVEN SEMESTER EXAMINATION, 2023 – 24",CSE 3rd year.pdf,1,1026
bd78d3f576b4,b describe map reduce framework in detail,b) Describe map reduce framework in detail?,DATA ANALYTICS,CSE 3rd year.pdf,1,6931
7c77038feda3,b draw the syntax tree and dag for the following expression,b) Draw the syntax tree and DAG for the following expression:,"EVEN SEMESTER EXAMINATION, 2023 – 24",CSE 3rd year.pdf,1,1025
39f828db0518,b explain the positional parameters in unix,b) Explain the positional parameters in Unix?,TCS-402/1960/4,CSE 3rd year.pdf,1,4054
734b00440486,b explain the process of installing hive features of hive,b) Explain the process of installing HIVE & features of HIVE?,DATA ANALYTICS,CSE 3rd year.pdf,1,6914
32afc057185d,b explain the steps involved,(5 marks)  b) Explain the steps involved,DATABASE MANAGEMENT SYSTEM,CSE 3rd year.pdf,1,7031
1e86a9ce72f4,b how will you carry out independence of attributes test,b) How will you carry out Independence of Attributes test?,DATA ANALYTICS,CSE 3rd year.pdf,1,6868
ec59d2159ff3,b o big oh,b) O (Big-Oh?,Q2.,CSE 3rd year.pdf,1,7527
cf63be6a4460,b what are different routing algorithms,b) What are different routing algorithms?,CST021_005 |,CSE 3rd year.pdf,1,2360
1c784f369475,b what is a boot block super block and data block,"b) What is a Boot block, super block and data block?",P.T.O.,CSE 3rd year.pdf,1,4187
cb9721a7f575,b what is code optimization,b) What is code optimization?,"EVEN SEMESTER EXAMINATION, 2023 – 24",CSE 3rd year.pdf,1,1073
1fb76b6d4933,b what is computer graphics,b. what is computer graphics?,(4X5=20),CSE 3rd year.pdf,1,500
1fc6bd0e57dd,b what is difference between prim s and kruskal s algorithm,b) What is difference between Prim’s and Kruskal’s algorithm?,ANALYSIS OF ALGORITHMS,CSE 3rd year.pdf,1,3061
4a29b73ef128,b what is osi model,b) What is OSI model?,ST021_005 | 103.170.7,CSE 3rd year.pdf,1,2320
e62af65c9869,b what is zookeeper explain its features with applications,b) What is Zookeeper explain its features with applications?,DATA ANALYTICS,CSE 3rd year.pdf,1,6923
20a7a245e6af,backward chaining in inference engine of expert system,backward chaining in inference engine of expert system?,DS-1079],CSE 3rd year.pdf,1,5166
21480c8c819c,be the correct code,be the correct code?,COMPUTER NETWORKS,CSE 3rd year.pdf,1,3213
92f30ccd8c0b,besu po,besu PO,A B C D,CSE 3rd year.pdf,1,3874
b2db08f5cf51,between a port address a logical address and a physical address,"between a port address, a logical address and a physical address?",COMPUTER NETWORK,CSE 3rd year.pdf,1,2159
f92c9b01f65a,between informed and uninformed search strategies in ai,between informed and uninformed search strategies in AI?,ARTIFICIAL INTELLIGENCE,CSE 3rd year.pdf,1,19
decbb600b13b,binomial trees,Binomial trees?,TCS-503/1680,CSE 3rd year.pdf,1,6655
4d7be7dcbbc1,blocks f what is control and data flow analysis,Blocks. f) What is control and data flow analysis?,"EVEN SEMESTER EXAMINATION, 2023 – 24",CSE 3rd year.pdf,1,1031
f4dba81fc002,bop in what is difference between inductive deductive abductive learning,"bop(A) in What is difference between inductive, deductive, abductive learning?",10X 2,CSE 3rd year.pdf,1,454
cc56ed1a9dd1,briefly,(ii) Briefly,ARTIFICIAL INTELLIGENCE,CSE 3rd year.pdf,1,66
cd1394b67d39,briefly describe the techniques that prevent congestion,Briefly describe the techniques that prevent congestion.,CST021_005 |,CSE 3rd year.pdf,1,2372
3152bd223a8f,briefly explain the,Briefly explain the,DATA ANALYTICS,CSE 3rd year.pdf,1,6895
9668654ebded,bs what is an intelligent agent,(d) bs What is an intelligent agent?,ARTIFICIAL INTELLIGENCE,CSE 3rd year.pdf,1,5107
967024626345,buffer method and its disadvantages,Buffer Method and its disadvantages,[P.T.O.],CSE 3rd year.pdf,1,802
82d0c3da0468,builder classes,Builder classes?,TCS-605/000/3 1980,CSE 3rd year.pdf,1,4389
3ef63bcd1dd1,business in detail,Business in detail?,DATA ANALYTICS,CSE 3rd year.pdf,1,6926
b3f6e7edefd0,by mime headers why,by MIME headers why?,UNIT-V,CSE 3rd year.pdf,1,5660
9d69063f6e61,c explain grouping join cogroup cross group in data,"c) Explain Grouping, Join, CoGroup, Cross, & Group in data?",DATA ANALYTICS,CSE 3rd year.pdf,1,6916
b47f9b65f451,c explain the following commands,c) Explain the following commands?,TCS-402/1960/4,CSE 3rd year.pdf,1,4062
8fd39428a753,c in a two way anova the number of,"c) In a two-way ANOVA, the number of",DATA ANALYTICS,CSE 3rd year.pdf,1,6885
d0673c0acb50,c what are joins,c) What are Joins?,DATABASE MANAGEMENT SYSTEM,CSE 3rd year.pdf,1,6995
e5447f3f5e0b,c what is big data,c) What is Big Data?,DATA ANALYTICS,CSE 3rd year.pdf,1,6870
04f3699f087f,c what is congestion,c) What is congestion?,CST021_005 |,CSE 3rd year.pdf,1,2372
b5027396ae7d,c what is lalr parser,c) What is LALR parser?,"EVEN SEMESTER EXAMINATION, 2023 – 24",CSE 3rd year.pdf,1,1056
7569005356f6,c what is open source technology,c) What is open-source technology?,DATA ANALYTICS,CSE 3rd year.pdf,1,6933
c158caa3cd06,c what is randomized algorithm,c) What is randomized algorithm?,ANALYSIS OF ALGORITHMS,CSE 3rd year.pdf,1,3094
330290c64918,c what is unicast routing,c) What is unicast routing?,COMPUTER NETWORKS,CSE 3rd year.pdf,1,3243
2ecc33473c6b,clipping procedure in detail,clipping procedure in detail?,[P.T.O.],CSE 3rd year.pdf,1,816
1f12cf7dd36b,codes,codes?,SECTION-E,CSE 3rd year.pdf,1,1674
37929e0a3b9a,commands,commands?,TCS-402/1960/4,CSE 3rd year.pdf,1,4042
df52c918d94e,compare and contrast csma cd with csma ca,Compare and contrast CSMA/CD with CSMA/CA.,WAN,CSE 3rd year.pdf,1,2454
d9625fca09a7,compare and contrast tcp with rtp are both doing the same things,Compare and contrast TCP with RTP. Are both doing the same things?,Q.4.,CSE 3rd year.pdf,1,2546
81c9bafce0ff,compare p and np,Compare P and NP.,TCS-503/1680,CSE 3rd year.pdf,1,6780
2d3d57cb8939,compare the orthographic and oblique types of parallel projections and also explain,Compare the orthographic and oblique types of parallel projections and also explain,[P.T.O.],CSE 3rd year.pdf,1,734
f3b666877354,compute worst time complexity of this algorithm,Compute worst time complexity of this algorithm?,Q5.,CSE 3rd year.pdf,1,7623
24f08a134c98,computers jabal and pcs,computers Jabal and PCs ?,OPERATING SYSTEM,CSE 3rd year.pdf,1,6201
11713c8b8632,consider both the,Consider both the,DS-1077],CSE 3rd year.pdf,1,6248
de8acbe23cf9,construct the set of lr items for this,Construct the set of LR(1) items for this,"EVEN SEMESTER EXAMINATION, 2023 – 24",CSE 3rd year.pdf,1,1056
d6365ebb495b,constructed and how can inference be performed using it,"constructed, and how can  inference be performed using it?",ARTIFICIAL INTELLIGENCE,CSE 3rd year.pdf,1,55
649895bbd6cf,contd,[Contd...,DS-1078-N],CSE 3rd year.pdf,1,5599
d31e12a38bcc,crt,CRT?,(4X5=20),CSE 3rd year.pdf,1,506
eaab99aec218,d differentiate between null and alternative hypotheses,d) Differentiate between Null and Alternative Hypotheses?,DATA ANALYTICS,CSE 3rd year.pdf,1,6872
1009a5ac8b03,d how queen s problem can be solved using back tracking,d) How 8-Queen’s problem can be solved using back tracking?,ANALYSIS OF ALGORITHMS,CSE 3rd year.pdf,1,3019
1dbbc55c16f3,d what are data processing operations in pig,d) What are data processing operations in PIG?,DATA ANALYTICS,CSE 3rd year.pdf,1,6890
abd16be2c8a9,d what is ip addressing,d) What is IP addressing?,COMPUTER NETWORKS,CSE 3rd year.pdf,1,3148
a22c6a976d98,define,Define,Q2.,CSE 3rd year.pdf,1,7545
c737ee258803,define complete kmp algorithm for string matching it should give the preprocessing and searching algorithms separately given the pattern and string,Define complete KMP algorithm for string matching. It should give the preprocessing and searching algorithms separately. Given the pattern: 101001 and string:,[P.T.O.],CSE 3rd year.pdf,1,6685
3db80ca5b8ed,define eulerian and hamiltonian graph draw a,Define Eulerian and Hamiltonian graph. Draw a,M03-29T,CSE 3rd year.pdf,1,6012
70fd402522d6,define expert system also explain mycin expert system,Define expert system. Also explain MYCIN expert system.,TCS-603/1800,CSE 3rd year.pdf,1,297
916aa03e85bb,define heuristic search explain the steps in best first search and illustrate it,"Define ""Heuristic Search"". Explain the steps in ""Best First Search"" and illustrate it",ARTIFICIAL INTELLIGENCE,CSE 3rd year.pdf,1,129
994fe0438389,define incidence matrix of a graph prove that if a is an incidence matrix of a connected graph g with n vertices then rank of a is n,Define incidence matrix of a graph. Prove that if A(G) is an incidence matrix of a connected graph G with n vertices then rank of A(G) is n-1.,DS-9972],CSE 3rd year.pdf,1,6128
5a942dbc380a,define queue and its possible operations,Define Queue and its possible operations.,TCS-503/1680,CSE 3rd year.pdf,1,6790
84b6f1f23d7f,define the asymptotic notations used for best case average case and worst case analysis of algorithms,Define the asymptotic notations used for best case average case and worst case analysis of algorithms.,SECTION-1,CSE 3rd year.pdf,1,6416
0613dc7b2bb1,define the code optimization with the help of any example,Define the code optimization with the help of any example.,SECTION-C,CSE 3rd year.pdf,1,1617
a6178e16c93f,define the terms eccentricity and center in,Define the terms eccentricity and center in,M03-29T,CSE 3rd year.pdf,1,6043
4efe157104a3,define the various data compression techniques used in network,(10 × 2 = 20) Define the various data compression techniques used in network?,Q.4.,CSE 3rd year.pdf,1,2525
c615c1daa535,define third normal form discuss the differences between nf and nf with examples why is nf important in database design,Define Third Normal Form (3NF). Discuss the differences between 2NF and 3NF with examples. Why  is 3NF important in database design? (10 marks),DATABASE MANAGEMENT SYSTEM,CSE 3rd year.pdf,1,7008
040922e4ca61,define windowing and viewport derive window to viewport transformation,Define windowing and viewport. Derive window to viewport transformation.,GRAPHICS,CSE 3rd year.pdf,1,2014
242171d53549,describe boot strapping and its uses in compiler design,Describe Boot strapping and its uses in compiler design.,Q1.,CSE 3rd year.pdf,1,1287
b6723eb66c3a,describe d projection,Describe 3-D projection,[P.T.O.],CSE 3rd year.pdf,1,814
f09210498f28,describe namenode datanode and block explain,"Describe namenode, datanode and block. Explain",DATA ANALYTICS,CSE 3rd year.pdf,1,6920
c8e2fad04ceb,describe optimal binary search tree using dynamic programming approach c describe chained matrix multiplication recurrence relation consider a a a and a be four matrices of dimensions and respectively describe the minimum number of scalar multiplications,"Describe optimal binary search tree (BST) using dynamic programming approach. (10 marks) c) Describe chained matrix multiplication recurrence relation. Consider A1, A2, A3 and A4 be four  matrices of dimensions 10×5, 5×20, 20×10 and 10×5, respectively. Describe the minimum number of  scalar multiplications",Q5.,CSE 3rd year.pdf,1,7706
b2d395fd707f,describe the bootstrapping and its importance,Describe the bootstrapping and its importance,BCST-603,CSE 3rd year.pdf,1,4660
356a3d29d8be,describe the chromatic number required using graph coloring technique of the given connected graph,Describe the chromatic number required using graph coloring  technique of the given connected graph. (10,Q5.,CSE 3rd year.pdf,1,7664
74e718c5e2aa,describe the cohen sutherland polygon algorithm with suitable example,Describe the Cohen Sutherland polygon algorithm with suitable example.,PTO,CSE 3rd year.pdf,1,2030
aee25fe9468b,describe the following,Describe the following :,Q5.,CSE 3rd year.pdf,1,7685
c6f632cec543,describe the preemptive and non preemptive,Describe the preemptive and non-preemptive,TCS-601/1970/4,CSE 3rd year.pdf,1,3732
17dccc2101d2,describe the tasks that are performed by semantic analysis phase of compiler,Describe the tasks that are performed by semantic analysis phase of compiler.,SECTION-B,CSE 3rd year.pdf,1,1555
13f1d84a15b3,describe the techniques that prevent,Describe the techniques that prevent,COMPUTER NETWORKS,CSE 3rd year.pdf,1,3188
e1b25b50dad2,describe the various storage management techniques in detail also describe,Describe the various storage management techniques in detail. Also describe,T -> T*FIF,CSE 3rd year.pdf,1,1465
f2a365b41708,describe the various technologies that can be used to form a lan,Describe the various technologies that can be used to form a LAN.,UNIT-I,CSE 3rd year.pdf,1,5695
f244d1d2f201,describe the working principle of carrier sense multiple access with collision,Describe the working principle of Carrier sense multiple access with collision,COMPUTER NETWORK,CSE 3rd year.pdf,1,2133
c28d2a593baf,describe three circumstances under which blocking,Describe three circumstances under which blocking,DS-9972],CSE 3rd year.pdf,1,6153
8cc1db608374,detect the presence of a negative weight cycle,detect the  presence of a negative weight cycle?,ANALYSIS OF ALGORITHMS,CSE 3rd year.pdf,1,3014
4fad1dd35c7e,determine whether the given r is in nf,determine  whether the given R is in 2NF?,DATABASE MANAGEMENT SYSTEM,CSE 3rd year.pdf,1,7007
d279a1ff318b,different from csma ca protocol,different from CSMA/CA  protocol?,ST021_005 | 103.170.7,CSE 3rd year.pdf,1,2335
9f5534a8ca11,different from dhcp,different from DHCP?,CST021_005 |,CSE 3rd year.pdf,1,2355
232279857c17,differentiate among divide and conquer dynamic programming and,"Differentiate among Divide and conquer, Dynamic Programming and",TCS-503/1680,CSE 3rd year.pdf,1,6784
55da2e163881,differentiate between,Differentiate between,NETWORKS,CSE 3rd year.pdf,1,2432
2cb56df1c5c7,differentiate between beam penetration and shadow mask method using suitable,Differentiate between beam-penetration and shadow mask method using suitable,Section B,CSE 3rd year.pdf,1,1777
3fb3fb7f854c,differentiate between bezier and b spline curve,Differentiate between Bezier and B-spline curve.,Section B,CSE 3rd year.pdf,1,1761
988cd3601be7,differentiate between bfs and dfs,Differentiate between BFS and DFS.,TCS-503/1680,CSE 3rd year.pdf,1,6796
06b9b0c13419,differentiate between circuit switching packet switching and message,"Differentiate between Circuit Switching, Packet Switching and Message",COMPUTER NETWORK,CSE 3rd year.pdf,1,2173
0f16a05583bb,differentiate between flow control and error control what is the difference,Differentiate between Flow control and Error control. What is the difference,COMPUTER NETWORK,CSE 3rd year.pdf,1,2157
356991526738,differentiate between greedy and dynamic algorithms with appropriate examples,Differentiate between Greedy and Dynamic Algorithms with appropriate examples?,DESIGN & ANALYSIS OF ALGORITHM,CSE 3rd year.pdf,1,6611
d90879ffa94b,differentiate between osi and tcp ip reference models,Differentiate between OSI and TCP/IP reference models.,COMPUTER NETWORK,CSE 3rd year.pdf,1,2131
d8a14ac3b7da,differentiate between passive and active ftp what are the,Differentiate between passive and active FTP. What are the,Q.4.,CSE 3rd year.pdf,1,2534
abedf4445950,differentiate between raster scan and random scan systems,Differentiate between raster scan and random scan systems.,",C(60,40), D(20,40).",CSE 3rd year.pdf,1,1816
fcd88527f1a5,differentiate between symmetric key cryptography and,Differentiate between symmetric key cryptography and,Q.4.,CSE 3rd year.pdf,1,2509
a01c63cfb32d,differentiate between tcp and udp with frame format,differentiate  between TCP and UDP with frame format.,COMPUTER NETWORKS,CSE 3rd year.pdf,1,3200
33198488f0ad,differentiate the syntactic phase errors and semantic errors,Differentiate the syntactic phase errors and semantic errors.,SECTION-C,CSE 3rd year.pdf,1,1613
1b7949a7060d,discuss,(ii) Discuss,ARTIFICIAL INTELLIGENCE,CSE 3rd year.pdf,1,19
577007e09432,discuss all types of joins with the help of suitable examples,Discuss all types of Joins with the help of suitable examples.,DATABASE MANAGEMENT SYSTEM,CSE 3rd year.pdf,1,6995
46ee780f6c2f,discuss analysis of variances and correlation indicators of linear,Discuss Analysis of Variances (ANOVA) and correlation indicators of linear,Q4.,CSE 3rd year.pdf,1,4704
1e7c263e8dbe,discuss ao algorithm give one example where ao is suitable to apply,Discuss AO* algorithm. Give one example where AO* is suitable to apply.,ARTIFICIAL INTELLIGENCE,CSE 3rd year.pdf,1,123
b7dee86a750d,discuss different standards of ethernet,Discuss different standards of Ethernet.,COMPUTER NETWORK,CSE 3rd year.pdf,1,2163
dad58ecab40d,discuss memory representations of a graph,Discuss memory representations of a graph,TCS-503/1680,CSE 3rd year.pdf,1,6800
098d4e3ff577,discuss reachability c give the dag representation of basic blocks and perform code improving transformations on the code represented by the block also explain peephole optimization,"discuss reachability. (10 marks) c) Give the DAG representation of basic blocks and perform code improving transformations on the  code represented by the block. Also, explain peephole optimization. (10 marks)",S🡪AA,CSE 3rd year.pdf,1,1199
1e1cab1c795a,discuss the impact of ai on society,Discuss the impact of AI on society?,ARTIFICIAL INTELLIGENCE,CSE 3rd year.pdf,1,5111
52a8923647e6,discuss the important design issues for various layers write a short notes on connection oriented and connectionless services,Discuss the important design issues for various layers. Write a short notes on connection oriented and connectionless services.,UNIT-I,CSE 3rd year.pdf,1,5699
5c792e8d8d85,discuss the matrix chain,Discuss the matrix chain,Q3.,CSE 3rd year.pdf,1,7579
f50d461e198d,discuss the role of protocols in lan technology with examples also state advantages and disadvantages of fddi and ethernet lan technologies,Discuss the role of protocols in LAN technology with examples also state advantages and disadvantages of FDDI and Ethernet LAN technologies.,UNIT-II,CSE 3rd year.pdf,1,5742
3a7b3cfbed6c,discuss the role of various phases of complier in translation of,Discuss the role of various phases of complier in translation of,SECTION-E,CSE 3rd year.pdf,1,1668
d207c7e65aff,discuss the traveling salesman problem,Discuss the traveling salesman problem.,(C),CSE 3rd year.pdf,1,5930
29537c416970,discuss the use of udp,discuss the use of UDP.,Q.4.,CSE 3rd year.pdf,1,2503
38831b356425,discuss the various approaches used for organization of symbol,Discuss the various approaches used for organization of symbol,OLI OTOD OS => [,CSE 3rd year.pdf,1,5590
68c0369d1f1c,discuss unicast routing protocols,Discuss unicast routing protocols.,COMPUTER NETWORKS,CSE 3rd year.pdf,1,3243
87c5f0c760e2,distinguish between forward and backward chaining,Distinguish between forward and backward chaining?,(C),CSE 3rd year.pdf,1,362
1b67381eec4d,do you analyze the data in hadoop,do you analyze the  data in Hadoop?,DATA ANALYTICS,CSE 3rd year.pdf,1,6912
fdf6f3a242a0,do you think we will stop using the,Do you think we will stop using the,Q.4.,CSE 3rd year.pdf,1,2535
91be5e02e08f,does greedy method effective to solve the,Does greedy method effective to solve the 0/1,Q2.,CSE 3rd year.pdf,1,7566
df45a03b5ce4,does it occur,does it occur?,SECTION-1,CSE 3rd year.pdf,1,6400
a9cdfafca7a3,draw a b tree of order inserting the following elements in sequence,Draw a B-tree of order 3 inserting the following elements in sequence,Q2.,CSE 3rd year.pdf,1,7554
376b86aa4d4a,draw a complete graph with n,Draw a complete graph with n=4.,GRAPH THEORY,CSE 3rd year.pdf,1,3535
6cd7f3087ec5,draw a directed weighted graph g with vertices and edges such that g contains a minimum weight cycle with at least edges show that the bellman ford algorithm will find this cycle,"Draw a (simple) directed weighted graph G with 10 vertices and 18 edges, such that G contains a minimum-weight cycle with at least 4 edges. Show that the Bellman-Ford algorithm will find this cycle.",SECTION-4,CSE 3rd year.pdf,1,6499
5e07041e6bf0,draw architectural diagram for,Draw architectural diagram for,DATA ANALYTICS,CSE 3rd year.pdf,1,6932
4fa8c717207e,draw diagram to discuss features of hadoop how,Draw diagram to discuss features of Hadoop. How,DATA ANALYTICS,CSE 3rd year.pdf,1,6911
098ec04db0f0,draw the flow chart for midpoint circle generation algorithm,Draw the flow chart for midpoint circle generation algorithm.?,COMPUTER GRAPHICS,CSE 3rd year.pdf,1,659
c9a03b01b4e4,draw the isdn communication architecture,Draw the ISDN communication architecture?,NETWORKS,CSE 3rd year.pdf,1,2432
3a6115976128,e what are basic blocks,e) What are basic blocks?,"EVEN SEMESTER EXAMINATION, 2023 – 24",CSE 3rd year.pdf,1,1030
9c4d6a9b0d0d,e what is congestion,e) What is congestion?,COMPUTER NETWORKS,CSE 3rd year.pdf,1,3188
1f0528a10b39,each other,each other?,BCST-604A,CSE 3rd year.pdf,1,4772
83ae30764516,entering polygons,entering polygons?,COMPUTER GRAPHICS,CSE 3rd year.pdf,1,681
c6e454d960df,environment,environment?,TCS-603/2000/4,CSE 3rd year.pdf,1,3339
c3499c272973,example,example?,BCST-602,CSE 3rd year.pdf,1,4531
f7c1380a0d71,explain,Explain,-X-,CSE 3rd year.pdf,1,4225
f7c1380a0d71,explain,Explain,DATA ANALYTICS,CSE 3rd year.pdf,1,6931
f7c1380a0d71,explain,Explain,TCS-601/1970/4,CSE 3rd year.pdf,1,3824
f7c1380a0d71,explain,Explain :,[P.T.O.],CSE 3rd year.pdf,1,790
f7c1380a0d71,explain,Explain.,203-30T,CSE 3rd year.pdf,1,4459
f7c1380a0d71,explain,Explain.,ANALYSIS OF ALGORITHMS,CSE 3rd year.pdf,1,3019
f7c1380a0d71,explain,Explain.,COMPUTER NETWORKS,CSE 3rd year.pdf,1,3144
f7c1380a0d71,explain,Explain.,DS-99721,CSE 3rd year.pdf,1,5974
f7c1380a0d71,explain,Explain.,TCS-601/1970/4,CSE 3rd year.pdf,1,3828
f7c1380a0d71,explain,Explain.,TCS-605/000/3 1980,CSE 3rd year.pdf,1,4389
f7c1380a0d71,explain,explain.,TCS-601/1970/4,CSE 3rd year.pdf,1,3844
6eecf83ccfe4,explain a algorithm by an example,Explain A* Algorithm by an example.,ARTIFICIAL INTELLIGENCE,CSE 3rd year.pdf,1,119
0014082f030d,explain a searching technique in detail with example discuss conditions for,Explain A* searching technique in detail with example. Discuss conditions for,(C),CSE 3rd year.pdf,1,422
6363ea3fd392,explain about role of minimum distance in error correction and detection calculate crc for a bit sequence the generator polynomial is x x,Explain about role of minimum distance in error correction and detection. Calculate CRC for a 10 bit sequence 1010011110. The generator polynomial is x3+x+1.,UNIT-II,CSE 3rd year.pdf,1,5737
e32108ef2803,explain about the communication taking place between the session layer presentation layer and transport layer also explain the duties of presentation layer,"Explain about the communication taking place between the session layer, presentation layer and transport layer. Also explain the duties of presentation layer.",UNIT-IV,CSE 3rd year.pdf,1,5771
9d4c353a7194,explain about the painter s algorithm explain the situation where the painter s,Explain about the painter's algorithm. Explain the situation where the painter's,COMPUTER GRAPHICS,CSE 3rd year.pdf,1,685
05932bc38800,explain advantages and limitations of these days expert,Explain advantages and limitations of these days expert,DS-1079],CSE 3rd year.pdf,1,5203
c82bacd175c8,explain all the issues in knowledge representation,(A) Explain all the issues in knowledge representation?,10X2,CSE 3rd year.pdf,1,436
a1ddd25fcf77,explain any five applications area of al in short,Explain any five applications area of Al in short.,ARTIFICIAL INTELLIGENCE,CSE 3rd year.pdf,1,110
36acb0282db0,explain any one of them,Explain any one of them.,PTO,CSE 3rd year.pdf,1,2054
52e4ba521349,explain back propagation algorithm for neural nets learning,Explain back propagation algorithm for neural nets learning?,(C),CSE 3rd year.pdf,1,428
ef119bf67b94,explain backtracking why it is required,Explain backtracking why it is required?,Q5.,CSE 3rd year.pdf,1,7618
836ba606d844,explain boyer moore algorithm for string matching,Explain Boyer-Moore algorithm for string matching,Q5.,CSE 3rd year.pdf,1,7620
a9579685777f,explain breadth first search algorithm,(B) Explain breadth first search algorithm?,(F),CSE 3rd year.pdf,1,390
f112b3c5218d,explain briefly the bus backbone and star backbone also state and explain different types of delays,Explain briefly the bus backbone and star backbone also state and explain different types of delays.,UNIT-I,CSE 3rd year.pdf,1,5710
9a4353d5feed,explain co axial cable in brief,Explain co-axial cable in brief.,COMPUTER NETWORKS,CSE 3rd year.pdf,1,3205
f5bc70ecd4b1,explain data independence with a suitable diagram explain the structure of relational databases with examples b consider the following schema for institute library student book issue,"Explain Data independence with a suitable diagram. (5 marks) (ii) Explain the Structure of Relational Databases with examples. (5 marks)  b) Consider the following schema for institute library: (10 marks) Student (RollNo, Name, Father_ Name, Branch) Book (ISBN, Title, Author, Publisher) Issue (RollNo, ISBN, Date-of –Issue)",DATABASE MANAGEMENT SYSTEM,CSE 3rd year.pdf,1,6978
1bc2a130d8d9,explain difference between polygon relative and polygon absolute algorithm of,Explain difference between polygon relative and polygon absolute algorithm of,COMPUTER GRAPHICS,CSE 3rd year.pdf,1,679
87e72c0265c0,explain differences of inter and trans firewall analytics,Explain differences of inter and trans firewall  analytics?,DATA ANALYTICS,CSE 3rd year.pdf,1,6934
8ab6f7e4cef1,explain different types of,Explain different types of,UNIT-I,CSE 3rd year.pdf,1,5692
ea15ec5234bd,explain disjoint set operations also explain the applications of disjoint set data,Explain disjoint set Operations Also Explain the applications of Disjoint -Set data,DESIGN & ANALYSIS OF ALGORITHM,CSE 3rd year.pdf,1,6643
28254013806d,explain fifo policy in detail,Explain FIFO policy in detail.,TCS-601/1970/4,CSE 3rd year.pdf,1,3832
ece93254005f,explain finite state machines and regular expressions with the help of one example,Explain Finite state machines and regular expressions with the help of one example.,[P.T.O.],CSE 3rd year.pdf,1,1587
7bed278ca7a7,explain greedy algorithms with the help of suitable examples,Explain greedy algorithms with the help of suitable examples?,Q5.,CSE 3rd year.pdf,1,7612
5ebc2ae3fbcc,explain heap sort with suitable examples,Explain Heap sort with suitable examples.,Q1.,CSE 3rd year.pdf,1,7502
ddb1b86b4914,explain how one can check the intelligence of a machine,Explain how one can check the intelligence of a machine?,ARTIFICIAL INTELLIGENCE,CSE 3rd year.pdf,1,5095
541f8c8a8c96,explain how rasterization accuracy is preserved despite using integer arithmetic,Explain how rasterization accuracy is preserved despite using integer arithmetic?,COMPUTER GRAPHICS,CSE 3rd year.pdf,1,655
592a17a9e0a4,explain how the transfer protocol clients servers are configured discuss the various ftp and telnet commands,Explain how the transfer protocol clients servers are configured. Discuss the various FTP and telnet commands.,UNIT-V,CSE 3rd year.pdf,1,5656
75d23be5da6e,explain how they can be,Explain how they can be,APPLE,CSE 3rd year.pdf,1,149
1532342939e3,explain how to display file structure and control test,Explain how to display file structure and control test?,GRAPHICS,CSE 3rd year.pdf,1,1954
a1692cb50155,explain in detail,Explain in detail.,UNIT - IV,CSE 3rd year.pdf,1,2865
8ca7cdd1584c,explain in detail dda algorithm of line,Explain in detail DDA algorithm of line?,GRAPHICS,CSE 3rd year.pdf,1,1958
f1173d239cd3,explain in detail travelling salesman,Explain in detail travelling salesman,Q5.,CSE 3rd year.pdf,1,7623
13fb82eaf15f,explain interface hierarchies with,Explain interface hierarchies with,203-30T,CSE 3rd year.pdf,1,4445
738e5db15773,explain it with suitable,Explain it with suitable,TCS-605/000/3 1980,CSE 3rd year.pdf,1,4407
e11d5911bedf,explain it with suitable examples,Explain it with suitable examples.,TCS-605/000/3 1980,CSE 3rd year.pdf,1,4361
f8e6811f6cab,explain iterative deepening depth first search algorithm,Explain iterative deepening depth first search algorithm?,(C),CSE 3rd year.pdf,1,448
a76f4eb8d5f3,explain its application and working,Explain its application and working.,10X 2,CSE 3rd year.pdf,1,457
0e689b43dd7a,explain its architecture with suitable diagram in qu,Explain its architecture with suitable diagram. In qu,ARTIFICIAL INTELLIGENCE,CSE 3rd year.pdf,1,5107
fa45aff395a3,explain its capabilities also mention the name,"Explain its capabilities, also Mention the name",Q4.,CSE 3rd year.pdf,1,1436
ccf705868c02,explain its importance,Explain its importance.,[P.T.O.],CSE 3rd year.pdf,1,1583
75319181ccfe,explain its installing process and two execution types or,Explain its installing process and two execution types or,DATA ANALYTICS,CSE 3rd year.pdf,1,6930
f77da057d0c0,explain its significance in ai reasoning under uncertainty what is the role of conditional probability in bayesian networks,explain its significance in AI reasoning under uncertainty.  (ii) What is the role of conditional probability in Bayesian networks?,ARTIFICIAL INTELLIGENCE,CSE 3rd year.pdf,1,51
23d42b8d4ffe,explain knowledge based agent with example,Explain knowledge based agent with example.,APPLE,CSE 3rd year.pdf,1,157
da5c1b45a54f,explain liang barsky line clipping algorithm,Explain Liang barsky line clipping algorithm..,PTO,CSE 3rd year.pdf,1,2032
261db50c3727,explain lisp and prolog conditional statements constructs with suitable programming illustration,Explain LISP and PROLOG conditional statements constructs with suitable programming illustration.,DS-1079],CSE 3rd year.pdf,1,5162
9a1a2b2c7b3d,explain list any two applications,Explain. List any  two applications.,ANALYSIS OF ALGORITHMS,CSE 3rd year.pdf,1,3063
7dcae3c82df3,explain machine dependent and,Explain machine dependent and,"EVEN SEMESTER EXAMINATION, 2023 – 24",CSE 3rd year.pdf,1,1073
357685aac280,explain master s theorem,Explain Master's Theorem.,Q1.,CSE 3rd year.pdf,1,7516
a31c6370d800,explain merge sort technique discuss the time complexity of merge sort f explain strassen s matrix multiplication and its time complexity,Explain Merge sort technique. Discuss the time complexity of merge sort. f) Explain Strassen’s matrix multiplication and its time complexity.,ANALYSIS OF ALGORITHMS,CSE 3rd year.pdf,1,3004
09e06ae0c3e8,explain multi agent planning with the help of example,Explain multi-agent planning with the help of example?,(E),CSE 3rd year.pdf,1,402
ba195dab57de,explain n queens problem with an algorithm explain why backtracking is defined as a default procedure of last resort for solving problems,Explain N-queens problem with an algorithm. Explain why backtracking is defined as a default procedure of last resort for solving problems.,SECTION-3,CSE 3rd year.pdf,1,6459
427e706e9c11,explain nagel s algorithm and,Explain Nagel's algorithm and,Q.4.,CSE 3rd year.pdf,1,2514
48c1687bdbe0,explain performance issues for the following data link layer protocols,Explain performance issues for the following data link layer protocols:,WAN,CSE 3rd year.pdf,1,2469
a3a7f699e8a5,explain propositional and predicate logic,Explain propositional and predicate logic?,(F),CSE 3rd year.pdf,1,392
e7b1a9a70cc4,explain resolution process explain about a typical,Explain resolution process. Explain about a typical,UNIT-V,CSE 3rd year.pdf,1,5661
fbef299def56,explain scanline fill algorithm with an example showing necessary vertex list edge,"Explain scanline fill algorithm with an example showing necessary vertex list, edge",COMPUTER GRAPHICS,CSE 3rd year.pdf,1,648
33ce640e7fcd,explain semantic net frame with suitable example,Explain Semantic Net & Frame with suitable example.,[P.T.O.],CSE 3rd year.pdf,1,175
51e130a71a6d,explain state space approach for solving any ai problem,Explain state space approach for solving any AI problem.,(D),CSE 3rd year.pdf,1,376
75fff8663eab,explain strong slot filler with example,Explain Strong slot filler with example?,[P.T.O.],CSE 3rd year.pdf,1,179
78b1c719e071,explain the application and working of ant,Explain the application and working of Ant,TCS-603/1800,CSE 3rd year.pdf,1,291
62d7147bcf20,explain the basic concept of midpoint ellipse drawing algorithm derive the decision,Explain the basic concept of midpoint ellipse drawing algorithm. Derive the decision,COMPUTER GRAPHICS,CSE 3rd year.pdf,1,663
b638a5788fa1,explain the brief various application areas of computer,Explain the brief various application areas of computer,(4X5=20),CSE 3rd year.pdf,1,500
ceec8ee55544,explain the causes of,Explain the causes of,[P.T.O.],CSE 3rd year.pdf,1,2232
57e75a14fbb5,explain the cohen sutherland line clipping algorithm,Explain the Cohen Sutherland Line Clipping Algorithm?,[P.T.O.],CSE 3rd year.pdf,1,754
98eabeda23dd,explain the concept of fractured segment with suitable diagram if required you,Explain the concept of fractured segment with suitable diagram if required. You,GRAPHICS,CSE 3rd year.pdf,1,2008
a56c58bf5325,explain the concept of input buffering with sentinel in lexical analysis,Explain the concept of input buffering with sentinel in lexical analysis.,SECTION-C,CSE 3rd year.pdf,1,1601
d1b7cc001574,explain the concept of isomorphism and,Explain the concept of 1-isomorphism and,M03-29T,CSE 3rd year.pdf,1,6079
d3955b603a96,explain the concept of planning with state space search with an example explain,Explain the concept of planning with state space search with an example. Explain,[P.T.O.],CSE 3rd year.pdf,1,251
b2d168975702,explain the concept of reinforcement learning with a real world example b discuss different types of planning strategies in ai including state space search conditional planning continuous planning and multi agent planning how do these approaches handle dynamic environments and uncertainty,"explain the concept of reinforcement learning with a real-world example.  b) Discuss different types of planning strategies in AI, including state space search, conditional  planning, continuous planning, and multi-agent planning. How do these approaches handle dynamic  environments and uncertainty?",ARTIFICIAL INTELLIGENCE,CSE 3rd year.pdf,1,67
c7937df91ff7,explain the congestion control mechanisms to regulate the traffic in a data network discuss rpc and various design issues of presentation layer and transport layer explain routing and bellman ford algorithm,Explain the congestion control mechanisms to regulate the traffic in a data network. Discuss RPC and various design issues of presentation layer and transport layer. Explain routing and bellman ford algorithm.,Q.4.,CSE 3rd year.pdf,1,2493
c561c8e105ae,explain the construction of syntax tree with an,Explain the construction of syntax tree with an,BCST-602,CSE 3rd year.pdf,1,4530
23446e1fa5c8,explain the context free grammar with suitable example,Explain the context free grammar with suitable example.,SECTION-C,CSE 3rd year.pdf,1,1609
4186a0defb17,explain the dag representation of basic blocks value numbers and algebraic laws with the help of suitable example,"Explain the DAG representation of basic blocks, value numbers and algebraic laws with the help of suitable example.",SECTION-E,CSE 3rd year.pdf,1,1680
8f9f0555ff9f,explain the different,Explain the different,CST021_005 |,CSE 3rd year.pdf,1,2377
639b8a0907ea,explain the different display devices,Explain the different display devices?,GRAPHICS,CSE 3rd year.pdf,1,1970
cbbaad24b479,explain the different polygon filling algorithms,Explain the different polygon filling algorithms.,GRAPHICS,CSE 3rd year.pdf,1,1992
3888cb87f6e0,explain the different type of header supportted by ipv what is the difference,Explain the different type of header supportted by IPv6. What is the difference,[P.T.O.],CSE 3rd year.pdf,1,2204
4e6fe53369b2,explain the display file structure,Explain the display file structure.,GRAPHICS,CSE 3rd year.pdf,1,1978
e28bcb135d5c,explain the following expert system,Explain the following expert system:,(B),CSE 3rd year.pdf,1,440
25fb971fda7b,explain the following uniformed search strategies,Explain the following uniformed search strategies:,DAS,CSE 3rd year.pdf,1,3421
a8244463aede,explain the functions of session presentation and application layer in osi,"Explain the functions of session, presentation and application layer in OSI",[P.T.O.],CSE 3rd year.pdf,1,2214
331ba9bee09c,explain the importance of intermediate code generation phase in phases complier what are the different issues that must be considered in the selection of intermediate,Explain the importance of intermediate code generation phase in phases complier. What are the different issues that must be considered in the selection of intermediate,SECTION-E,CSE 3rd year.pdf,1,1671
ca2fb84a6617,explain the local access network design in details what are the name the four,Explain the Local Access Network Design in details. What are the name the four,COMPUTER NETWORK,CSE 3rd year.pdf,1,2153
1f97712fb307,explain the logical phase error and syntatic phase error also suggest methods,Explain the logical Phase Error and Syntatic phase error. Also suggest methods,Q4.,CSE 3rd year.pdf,1,1430
a90b6d18c13e,explain the method of hill climbing also explain the problems associated with hill climbing and possible solutions,Explain the method of Hill climbing. Also explain the problems associated with hill climbing and possible solutions.,ARTIFICIAL INTELLIGENCE,CSE 3rd year.pdf,1,114
cacec6687692,explain the operations of union intersection exhsm isto and symmetric difference of two simple smit when loups vnes graphs with an example for each,"Explain the operations of union, intersection 00: exhsM Isto and symmetric difference of two simple smiT when loups vnes graphs with an example for each.",M03-29T,CSE 3rd year.pdf,1,6005
8bc1845ed74c,explain the process of deletion in red black tree,Explain the process of deletion in red black tree.,[P.T.O.],CSE 3rd year.pdf,1,6667
ac6ef87851f4,explain the setting up a hadoop cluster,Explain the setting up a Hadoop cluster,Q4.,CSE 3rd year.pdf,1,4701
b1c386f09be2,explain the worst and best case time complexity of quick sort consider the quick sort algorithm with the last element chosen as the pivot if the goal is to sort the given a array a in ascending order how many swaps will occur during the execution of the algorithm,"Explain the worst and best case time complexity of Quick sort. Consider the Quick Sort algorithm with  the last element chosen as the pivot. If the goal is to sort the given a=[30,40,50,60,70,80]  array a=[30,40,50,60,70,80] in ascending order, how many swaps will occur during the execution of the  algorithm? (10 marks)",Q5.,CSE 3rd year.pdf,1,7652
39f863d54f85,explain traveling salesman problem with,Explain traveling salesman problem with,[P.T.O.],CSE 3rd year.pdf,1,6715
0acab42dee82,explain unification in predicate logic also discuss the steps of converting,Explain unification in predicate logic. Also discuss the steps of converting,[P.T.O.],CSE 3rd year.pdf,1,167
583f1e408835,explain unix boot process yooo,Explain Unix boot process. yooo,P.T.O.,CSE 3rd year.pdf,1,4189
388f41c78c75,explain v model in big data,Explain 5V model in Big Data?,DATA ANALYTICS,CSE 3rd year.pdf,1,6870
b08ff6ed5b9c,explain various knowledge acquisition strategies with suitable examples,Explain various knowledge acquisition strategies with suitable examples.,DS-1079],CSE 3rd year.pdf,1,5150
86f73aebe305,explain various methods for problem representation in artificial intelligence,Explain various methods for problem representation in artificial intelligence.,ARTIFICIAL INTELLIGENCE,CSE 3rd year.pdf,1,5103
3cf63ff06a13,explain various quality of,Explain various Quality of,CST021_005 |,CSE 3rd year.pdf,1,2366
c4aecb72f1ed,explain various steps in natural language processing with suitable diagram and examples,Explain various steps in natural language processing with suitable diagram and examples.,DS-1079],CSE 3rd year.pdf,1,5137
51f824c0a978,explain visibility in detail,Explain visibility in detail.,GRAPHICS,CSE 3rd year.pdf,1,2004
99dab6e7eea8,explain what do you mean by opengl api,Explain what do you mean by OpenGL API?,GRAPHICS,CSE 3rd year.pdf,1,1982
5188eccd3883,explain with example,Explain with example,[P.T.O.],CSE 3rd year.pdf,1,225
5188eccd3883,explain with example,Explain with example.,(F),CSE 3rd year.pdf,1,384
5188eccd3883,explain with example,Explain with example.,"EVEN SEMESTER EXAMINATION, 2023 – 24",CSE 3rd year.pdf,1,1031
fb71584c6913,explain with reasons what do you mean by domain name,Explain with reasons. What do you mean by domain name,UNIT-V,CSE 3rd year.pdf,1,5660
cfe98e1008b4,explain with the help of diagram the global data flow analysis,Explain with the help of diagram the Global Data-Flow analysis.,[P.T.O.],CSE 3rd year.pdf,1,1591
1a601ea53897,explain your answer with suitable reasoning qmoti,Explain your answer with suitable reasoning.qmoti,ARTIFICIAL INTELLIGENCE,CSE 3rd year.pdf,1,5111
15552438ab0c,f describe the character,f. Describe the character,(4X5=20),CSE 3rd year.pdf,1,506
8a1c5ec07edf,f what is ambiguous grammar,f) What is ambiguous grammar?,"EVEN SEMESTER EXAMINATION, 2023 – 24",CSE 3rd year.pdf,1,1015
bcd0cd977e28,f why do we need non parametric tests,f) Why do we need Non-Parametric tests?,DATA ANALYTICS,CSE 3rd year.pdf,1,6895
833196916234,find the order of parenthesization for,Find the order of parenthesization for,ANALYSIS OF ALGORITHMS,CSE 3rd year.pdf,1,3050
94b74f370d00,find the same in the graph given below,Find the same in the graph given below:,TCS-604 // 2000,CSE 3rd year.pdf,1,3588
693328ada68f,for interaction,for  interaction?,DATA ANALYTICS,CSE 3rd year.pdf,1,6888
b4639356e761,frame realy,Frame Realy,10X2=20,CSE 3rd year.pdf,1,942
7229ddabe893,from ipv to ipv,from IPV6 to IPV4?,10X2=20,CSE 3rd year.pdf,1,933
4d8a2edfba13,from other runtimes available,from other runtimes available?,TCS-402/1960/4,CSE 3rd year.pdf,1,4303
4783bae17969,give a formula in,Give a formula in,0=4X2,CSE 3rd year.pdf,1,6279
6b7107b4fd66,give a single homogenous coordinate transformation matrix which will have same,"Give a single 3*3 homogenous coordinate transformation matrix, which will have same",Section D,CSE 3rd year.pdf,1,1836
11e28baf8a8e,explain it with the help of suitable diagram and how much time is spent scanning across each row of pixels during screen refresh on a raster system with a resolution of,explain it with the help of suitable diagram And how much time is spent scanning across each row of pixels during screen refresh on a raster system with a resolution of 640*480,"P2(28,22).",CSE 3rd year.pdf,1,1895
86f7e437faa5,a,a.,UNIT-II,CSE 3rd year.pdf,1,5745
5b0350ea694c,give an analysis of worst case running time of quicksort when,Give an analysis of worst case running time of quicksort. When,SECTION-1,CSE 3rd year.pdf,1,6398
e0254f0433ba,give an array of elements which is the worst case for,Give an array of 8 elements which is the worst case for,SECTION-1,CSE 3rd year.pdf,1,6410
07d2c1783384,give an example for each tovor,Give an example for each tovor,DS-99721,CSE 3rd year.pdf,1,5973
0cf2089974cb,a define hdfs,a) Define HDFS?,DATA ANALYTICS,CSE 3rd year.pdf,1,6920
d4180360d9d5,give the syntax directed translation scheme to translate the while control,Give the syntax directed translation scheme to translate the while control,T -> T*FIF,CSE 3rd year.pdf,1,1469
529a4c6b26fb,given a graph g and vertices s and t does g contain,"Given a graph G and vertices s and t, does G contain",SECTION-5,CSE 3rd year.pdf,1,6526
85bf98024248,graphics,graphics?,(4X5=20),CSE 3rd year.pdf,1,520
ad2eba147368,habiano,habiano?,TCS-601,CSE 3rd year.pdf,1,6176
e1bf4555cb26,handed system to left handed system,handed system to left handed system?,UNIT - IV,CSE 3rd year.pdf,1,2865
61d07a564c96,a what are the different components of modern graphics display,a. What are the different components of modern graphics display?,(4X5=20),CSE 3rd year.pdf,1,498
132b6cecdd65,hdfs operations in detail,HDFS operations in  detail?,DATA ANALYTICS,CSE 3rd year.pdf,1,6921
80449f39da87,holding time is msec what is the maximum achieveable efficiency of the ring,holding time is 10 msec. What is the maximum achieveable efficiency of the ring?,10X2=20,CSE 3rd year.pdf,1,910
1006ba32aa90,hood,Hood,TCS-603/2000/4,CSE 3rd year.pdf,1,3339
b57cf465728c,hooned say,hooned say,ΑΠΟ ΠΟ,CSE 3rd year.pdf,1,6220
8b88747dc205,how a query is processed and optimized c define data warehousing and its significance in decision making discuss the various components of a data warehouse architecture,how a query is processed and optimized. (10 marks)  c) Define data warehousing and its significance in decision-making. Discuss the various components of  a data warehouse architecture (10 marks),DATABASE MANAGEMENT SYSTEM,CSE 3rd year.pdf,1,7033
0dce66a62ee6,how al handles reasoning under uncertainty,How Al handles reasoning under uncertainty?,[P.T.O.],CSE 3rd year.pdf,1,223
acfb0f892fc9,how can a sequence of three address,How can a sequence of three-address,DOAG),CSE 3rd year.pdf,1,5455
74e9afb1fc3f,how can the,How can the,COMPUTER NETWORKS,CSE 3rd year.pdf,1,3143
6aacef0f69a9,how can you represent the resolution of predicate oorgeemlogic,(1) How can you represent the resolution of predicate oorgeeMlogic?,TCS-603/2000/4,CSE 3rd year.pdf,1,3351
0f75f043dbc2,how do,How do,ANALYSIS OF ALGORITHMS,CSE 3rd year.pdf,1,3061
15e037ae8d0c,how does ftp work,How does FTP work?,Q.4.,CSE 3rd year.pdf,1,2534
14ccb53d76d9,how does it work,How does it work?,UNIT-V,CSE 3rd year.pdf,1,5661
66d17617e8a9,how explain the following in context with interface,How (b) Explain the following in context with interface:,203-30T,CSE 3rd year.pdf,1,4437
cb1bfc4a2919,how guided media differ from,How guided media differ from,COMPUTER NETWORKS,CSE 3rd year.pdf,1,3204
b386e791d988,how is it connected to isophirsm and,How is it connected to 1-isophirsm and 2-,TCS-604 // 2000,CSE 3rd year.pdf,1,3566
a3f6390c7378,how is segment table created,how is segment table created?,COMPUTER GRAPHICS,CSE 3rd year.pdf,1,693
8aebc3fbedca,how is segment useful to draw and redraw a part of image and,How is segment useful to draw and redraw a part of image and,COMPUTER GRAPHICS,CSE 3rd year.pdf,1,691
3e3ba6b95e56,how is subnet,How is subnet,COMPUTER NETWORKS,CSE 3rd year.pdf,1,3148
8a31ed2e1431,how is subnet addressing is performed,How is subnet addressing is performed?,[P.T.O.],CSE 3rd year.pdf,1,2251
3b535d44158a,how it is classified,How it is classified?,COMPUTER NETWORKS,CSE 3rd year.pdf,1,3148
3b535d44158a,how it is classified,How it is classified?,[P.T.O.],CSE 3rd year.pdf,1,2251
aeeeb3e3c3a5,how map reduce jobs run on yarn,how map reduce jobs run on  YARN?,DATA ANALYTICS,CSE 3rd year.pdf,1,6932
b9b07c91f200,how s,How S,TCS-402/1960/4,CSE 3rd year.pdf,1,4054
8a5eb27e2b0c,how tell and ask are used in first order logic,How TELL and ASK are used in first-order-logic?,TCS-603/2000/4,CSE 3rd year.pdf,1,3343
e53d478287e6,how the grammar is made,How the grammar is made,Q1.,CSE 3rd year.pdf,1,1303
ed4b436c7545,hypothesis,hypothesis?,DATA ANALYTICS,CSE 3rd year.pdf,1,6876
eabef3e44734,identify whether following grammar is,identify whether following grammar is,"EVEN SEMESTER EXAMINATION, 2023 – 24",CSE 3rd year.pdf,1,1015
958f57f57d72,if,If,TCS-605/000/3 1980,CSE 3rd year.pdf,1,4379
cd666de6c2ec,if not convert it into nf c,"If not, convert it into 2 NF (10 marks)  c)",DATABASE MANAGEMENT SYSTEM,CSE 3rd year.pdf,1,7007
21500f19a8ad,if so how these conflicts are resolved,If so how these conflicts are resolved?,OM HOR,CSE 3rd year.pdf,1,5432
1b266715f544,a what are the three modes that hadoop can run,a)What are the three modes that Hadoop can Run?,DATA ANALYTICS,CSE 3rd year.pdf,1,6866
06f8b68fe413,a what are two reasons for using layered protocols,a) What are two reasons for using layered protocols?,COMPUTER NETWORKS,CSE 3rd year.pdf,1,3138
87e13b07c7db,if you want to view an assembly how delay,If you want to view an assembly how delay,TCS-402/1960/4,CSE 3rd year.pdf,1,4329
2e45f4ee955e,illustrate with a,Illustrate with a,Q4.,CSE 3rd year.pdf,1,4714
3e7ce50be818,immediately,immediately?,(OS=S-ON),CSE 3rd year.pdf,1,3922
db6e9a72a666,implement a sample,Implement a sample,TCS-605/000/3 1980,CSE 3rd year.pdf,1,4391
16d4272751c0,in code optimization islava sost aldstiu discuss the loop optimization technique,in code optimization?islava sost aldstiu (b) Discuss the loop optimization technique,DS-1079],CSE 3rd year.pdf,1,5265
a490c9b99ffe,initial red black tree,initial red-black tree?,SECTION-2,CSE 3rd year.pdf,1,6446
2293dd66907f,inting,inting?,-X-,CSE 3rd year.pdf,1,4223
4819f7d6ceaa,a what do you understand by quality of service,a) (i) What do you understand by Quality of Service?,CST021_005 |,CSE 3rd year.pdf,1,2366
6b91e41d229d,a what is difference between compiler and interpreter,a) What is difference between Compiler and Interpreter?,"EVEN SEMESTER EXAMINATION, 2023 – 24",CSE 3rd year.pdf,1,1001
53ee1a2088fc,a what is dynamic programming,a) What is dynamic programming?,ANALYSIS OF ALGORITHMS,CSE 3rd year.pdf,1,3050
08e59743da37,is it possible to have two main in a c code,(d) Is it possible to have two Main() in a C# code?,TCS-605/000/3 1980,CSE 3rd year.pdf,1,4379
c0bfa0cf104c,is n o,Is 22n O(2)?,SECTION-1,CSE 3rd year.pdf,1,6389
d08302f8e0c6,is the system in a safe state,(ii) Is the system in a safe state?,(OS-SX0),CSE 3rd year.pdf,1,3914
1c66f949006b,isomorphism,isomorphism?,TCS-604 // 2000,CSE 3rd year.pdf,1,3568
f8b4f2ae5183,isomrphism with an example for each,isomrphism with an example for each.,M03-29T,CSE 3rd year.pdf,1,6087
67073ca5d930,justify presentation layer carries,Justify: presentation layer carries,UNIT-IV,CSE 3rd year.pdf,1,5777
5ae1c8a812f9,justify your,Justify your,BCST-604A,CSE 3rd year.pdf,1,4772
5ae1c8a812f9,justify your,Justify your,COMPILER DESIGN,CSE 3rd year.pdf,1,1153
81ce0b28dc0d,justify your answer,Justify your answer.,10X2=20,CSE 3rd year.pdf,1,933
16276e4f79e4,knapsack problem,knapsack problem?,Q2.,CSE 3rd year.pdf,1,7567
cce245fbd902,knowledge,knowledge?,(C),CSE 3rd year.pdf,1,420
6ed91b8a65d0,knowledge based agents and what are their advantages and limitations,"knowledge-based agents, and what are their advantages and limitations?",ARTIFICIAL INTELLIGENCE,CSE 3rd year.pdf,1,43
f2581530065d,knowledge representation,knowledge  representation?,ARTIFICIAL INTELLIGENCE,CSE 3rd year.pdf,1,35
006d565066e5,a what is hadoop,a) What is Hadoop?,DATA ANALYTICS,CSE 3rd year.pdf,1,6911
5e245bf761d3,list active edge list etc,"list, active edge list etc.?",COMPUTER GRAPHICS,CSE 3rd year.pdf,1,650
12c1eed20ac6,list all the applications of fuzzy logic,List all the applications of fuzzy logic.,(F),CSE 3rd year.pdf,1,394
a05d1512d08e,list four steps needed to run a program on a completely dedicated machine,List four steps needed to run a program on a completely dedicated machine.,OPERATING SYSTEM,CSE 3rd year.pdf,1,6198
153308509fc3,list some applications appropriate for each of the display technologies,List some applications appropriate for each of the display technologies.,UNIT - I,CSE 3rd year.pdf,1,2828
85176f4df7a0,list the different input and output components that are typically used with virtual reality systems also explain how users interact with a virtual scene displayed with different output devices,List the different input and output components that are typically used with virtual reality systems. Also explain how users interact with a virtual scene displayed with different output devices.,UNIT - I,CSE 3rd year.pdf,1,2832
4932676b3342,list the operating characteristics for the following display technologies raster refresh system vector refresh system plasma panel and lcd how much time is spent scanning across each row of pixels during screen refresh on a raster system with a resolution of by and a refresh rate of frames per second,"List the operating characteristics for the following display technologies: raster refresh system, vector refresh system, plasma panel and LCD. How much time is spent scanning across each row of pixels during screen refresh on a raster system with a resolution of 1280 by 1024 and a refresh rate of 60 frames per second?",UNIT - I,CSE 3rd year.pdf,1,2813
14dcfd7df2ff,list the properties of animating interactive programs,List the properties of Animating Interactive Programs?,[P.T.O.],CSE 3rd year.pdf,1,814
9e338e73f4b1,matching how it is related to bipartite graph,matching. How it is related to bipartite graph?,GRAPH THEORY,CSE 3rd year.pdf,1,3527
22b79dfd4d56,mention the criteria for achieving machine independent,Mention the criteria for achieving machine independent,BCST-602,CSE 3rd year.pdf,1,4545
deef9b38c757,mention the objectives,Mention the objectives,TCS-601,CSE 3rd year.pdf,1,3692
b0f07182404c,modes in pig,modes in PIG?,DATA ANALYTICS,CSE 3rd year.pdf,1,6931
cd8fa10d9db7,modes in which they work,modes in which they work?,PTO,CSE 3rd year.pdf,1,2083
edf16d2e30e4,a what is pig,a) What is PIG?,DATA ANALYTICS,CSE 3rd year.pdf,1,6930
d1854cae891e,n,1 0 7 8-N,E-1 0 7 8-N,CSE 3rd year.pdf,1,5298
5a5c66d7b62a,need for sequence numbers,need for sequence numbers?,[P.T.O.],CSE 3rd year.pdf,1,2257
72770f03078d,notxixitq qool or ausai what is basic block,notxixitq qool or ausai (d) What is basic block?,DOAG),CSE 3rd year.pdf,1,5455
7a81af3e591a,o,O(2n)?,SECTION-1,CSE 3rd year.pdf,1,6389
3d807cf5f355,of a frame buffer using the binary arithmetic operations,of a frame buffer using the binary arithmetic operations?,UNIT - V,CSE 3rd year.pdf,1,2914
72ce1e1c7a7f,of assembly,of assembly?,TCS-402/1960/4,CSE 3rd year.pdf,1,4329
cbcb0a0e947e,of network architecture,of network architecture?,ST021_005 | 103.170.7,CSE 3rd year.pdf,1,2316
1397ee74ecbb,of the packet is corrupted what happens to the packet,of the packet is  corrupted. What happens to the packet?,COMPUTER NETWORKS,CSE 3rd year.pdf,1,3143
cb5f781d0baa,on one processor how many different schedules mare possible,"on one processor, how many different schedules mare possible?",0=4X2,CSE 3rd year.pdf,1,6279
e6b02ea05414,orgnuging,orgnuging,10X 2,CSE 3rd year.pdf,1,456
4e6a0ad87a65,osi,OSI?,OSI?,CSE 3rd year.pdf,1,867
ef366d1b5798,out the job of transition what are the various security threats,out the job of transition. What are the various security threats?,UNIT-IV,CSE 3rd year.pdf,1,5778
516b9783fca5,p,P,TCS-601,CSE 3rd year.pdf,1,6176
daa93cfff1f4,parameter for the algorithm,parameter for the algorithm ?,COMPUTER GRAPHICS,CSE 3rd year.pdf,1,665
862e818c3eba,particular file,particular file?,DS-1077],CSE 3rd year.pdf,1,6337
ca6557469155,a what is transmission media,a) What is transmission media?,COMPUTER NETWORKS,CSE 3rd year.pdf,1,3204
953b88970306,physical organization of nodes,physical organization of nodes?,DATA ANALYTICS,CSE 3rd year.pdf,1,6933
b403bd8c4903,planning and how does it differ from classical state space planning,"planning, and how does it differ from classical state space planning?",ARTIFICIAL INTELLIGENCE,CSE 3rd year.pdf,1,66
c662180230ca,address,address?,5X4=20,CSE 3rd year.pdf,1,863
93372c2da389,possible disadvantage of using layered protocols,possible  disadvantage of using layered protocols?,COMPUTER NETWORKS,CSE 3rd year.pdf,1,3139
a72f630f36d2,powers of,powers of 2?,DS-1077],CSE 3rd year.pdf,1,6295
24d69dd6f3ab,prevention of deadlock,prevention of deadlock?,TCS-601/1970/4,CSE 3rd year.pdf,1,3812
a5a0d15d4ae8,problem,problem?,Q5.,CSE 3rd year.pdf,1,7624
c854b1a23f9f,problem is np complete,problem is NP-Complete?,SECTION-5,CSE 3rd year.pdf,1,6526
f08e978ac76d,problems for full implementation of voice over ip,problems for full implementation of voice over IP?,Q.4.,CSE 3rd year.pdf,1,2535
3ecbedd0d6a1,processes of kb kb kb and kb,"processes of 212 KB, 417 KB, 112 KB, and 426 KB (in order)?",TCS-601/1970/4,CSE 3rd year.pdf,1,3852
6dd8429cc900,processing,processing?,(C),CSE 3rd year.pdf,1,372
f05977cc41b6,processor how yacc can be used to generate a parser,processor. How YACC can be used to generate a parser?,I = S9,CSE 3rd year.pdf,1,5372
462a880588b6,programming solution to a problem,programming solution to a problem?,SECTION-3,CSE 3rd year.pdf,1,6456
bf4b0d4c4e6a,prove that a red black tree with n internal nodes has height almost log,Prove that a red-black tree with n internal nodes has height almost 2log (n+1)?,Q2.,CSE 3rd year.pdf,1,7545
de2472c10072,provide a suitable,Provide a suitable,ARTIFICIAL INTELLIGENCE,CSE 3rd year.pdf,1,55
1e01d215bc09,rate,rate?,NETWORKS,CSE 3rd year.pdf,1,2437
d8d511b38140,addressing is performed,addressing is  performed?,COMPUTER NETWORKS,CSE 3rd year.pdf,1,3149
dd730dfac570,reference take,reference take?,DS-1077],CSE 3rd year.pdf,1,6307
b6b571acd11a,regard to process aslubomanagement m wod,regard to process aslubomanagement ?m wod,OPERATING SYSTEM,CSE 3rd year.pdf,1,6213
4432d55c405e,repeat arq over go back n arq protocol,Repeat ARQ over Go Back-N ARQ protocol?,ST021_005 | 103.170.7,CSE 3rd year.pdf,1,2338
623e76c36aa2,require,require?,GRAPHICS,CSE 3rd year.pdf,1,1966
acaf32254355,rotation,Rotation,PTO,CSE 3rd year.pdf,1,2042
622d87b4493c,sbermo what is the content of the matrix need,Sbermo (i) What is the content of the matrix Need?,(OS-SX0),CSE 3rd year.pdf,1,3912
c7711334ec43,scaling,scaling,PTO,CSE 3rd year.pdf,1,2044
9a9e56edb7dc,scheme,scheme?,DS-1077],CSE 3rd year.pdf,1,6296
9f4bfc58c3f6,search technique,search technique?,TCS-603,CSE 3rd year.pdf,1,3313
f9109a70ae70,secondary storage management,secondary-storage management ?,ΑΠΟ ΠΟ,CSE 3rd year.pdf,1,6220
292dea2572a6,segment such a system what would be its advantages and disadvantages,segment such a system. What would be its advantages and disadvantages?,[P.T.O.],CSE 3rd year.pdf,1,780
83f8c9a33f31,separable graph,separable graph?,TCS-604 // 2000,CSE 3rd year.pdf,1,3584
0c5fe90169d9,shearing,shearing,PTO,CSE 3rd year.pdf,1,2046
47e5593a16c8,shell in unix,shell in Unix?,P100050-20T,CSE 3rd year.pdf,1,4169
f67eb31a86bd,show that the next fit algorithm for bp achieves an asymptotic ratio of show that ff nf,Show that the Next-Fit algorithm for BP (BIN-PACKING) achieves an asymptotic ratio of 2. Show that FF(I) ≤NF(I).,(B),CSE 3rd year.pdf,1,6538
daba95913211,show the use,Show the use,203-30T,CSE 3rd year.pdf,1,4417
3e4c73d6e3e3,show with examples timila,Show with examples. timila,DOAG),CSE 3rd year.pdf,1,5456
9a53b0819e7b,algorithm,algorithm?,TCS-503/1680,CSE 3rd year.pdf,1,6765
db1453a05708,slotted aloha,Slotted ALOHA,TOTE 2. ISDN,CSE 3rd year.pdf,1,948
f4a55a196594,so how is it resolved,"so, how is it resolved?",TCS-605/000/3 1980,CSE 3rd year.pdf,1,4383
cde8d96ef5d4,solve the following instance of the single source shortest paths problem with vertex v as the source,"Solve the following instance of the single-source shortest paths problem with vertex ""v3"" as the source.",SECTION-4,CSE 3rd year.pdf,1,6476
0c4b5cdd0940,source computer be informed of the situation,source computer be informed  of the situation?,COMPUTER NETWORKS,CSE 3rd year.pdf,1,3144
399a58d1041a,sourcing involved in analytics,sourcing involved in analytics?,DATA ANALYTICS,CSE 3rd year.pdf,1,6885
dd1511711f93,spanning tree,Spanning tree?,TCS-604 // 2000,CSE 3rd year.pdf,1,3588
48939eb7de81,starve cpu bound betudniaid programs,starve CPU-bound betudniaid programs?,0=4X2,CSE 3rd year.pdf,1,6272
8357cbe3ff90,state and explain the weileratherton polygon clipping algorithm with proper diagram,State and explain the weileratherton polygon clipping algorithm with proper diagram.,Section C,CSE 3rd year.pdf,1,1797
3cadc4703953,state and prove the following d transformations matrix,state and prove the following 2d transformations matrix,PTO,CSE 3rd year.pdf,1,2038
77fbfed27aa6,state if backtracking always produces optimal solution describe how to implement a queue using two stacks and o additional memory so that the amortized time for any,"State if backtracking always produces optimal solution. Describe how to implement a queue using two stacks and O(1) additional memory, so that the amortized time for any",12. (A) (B),CSE 3rd year.pdf,1,6464
2c2acc09e9ff,state sutherland hodgeman polygon clipping algorithm and also mention its advantages and state the differences between concave amp convex polygon,State Sutherland-hodgeman polygon clipping algorithm and also mention its advantages and state the differences between concave &amp; convex polygon.,TCS-501/2120,CSE 3rd year.pdf,1,1868
1113fac36108,state the baye s theorem explain bayesian network in detail,State the Baye's theorem. Explain Bayesian Network in detail.,[P.T.O.],CSE 3rd year.pdf,1,227
db749924c943,state the various design issues for the data link layer sketch the manchester and differential manchester encoding for the bit stream,State the various design issues for the data link layer. Sketch the Manchester and differential Manchester encoding for the bit stream 0001110101,UNIT-II,CSE 3rd year.pdf,1,5734
f12522613125,algorithm what are firewalls,algorithm.  (ii) What are firewalls?,CST021_005 |,CSE 3rd year.pdf,1,2377
a63e05762dd6,statements be transformed into a list a list of blocks,statements be transformed into a list a list of blocks?,DOAG),CSE 3rd year.pdf,1,5456
3d493d194618,store bits pixel,store 12 bits/pixel?,(4X5=20),CSE 3rd year.pdf,1,517
10c6780a5460,strings what is knapsack problem,strings. What is 0/1 knapsack problem?,Q2.,CSE 3rd year.pdf,1,7566
41b426fb69c8,structures,Structures?,DESIGN & ANALYSIS OF ALGORITHM,CSE 3rd year.pdf,1,6645
3b07acc26e2c,substructure property in a dynamic programming problem,"substructure property"""" in a dynamic programming problem?",SECTION-3,CSE 3rd year.pdf,1,6457
9379b009148c,summarize function of preprocessor,(c) Summarize function of preprocessor?,BCST-602,CSE 3rd year.pdf,1,4514
7085f4b5a4d6,suppose we need a dataword of at least bits,Suppose we need a dataword of at least 7 bits.,ST021_005 | 103.170.7,CSE 3rd year.pdf,1,2331
317f1e761f2f,system,System?,TCS-601,CSE 3rd year.pdf,1,3708
317f1e761f2f,system,system?,UNIT-V,CSE 3rd year.pdf,1,5661
8efd86fb78a5,t,30T,203-30T,CSE 3rd year.pdf,1,4413
534e8c894772,t o,T.O,P.T.O,CSE 3rd year.pdf,1,7582
09706c418809,also,Also,OLI OTOD OS => [,CSE 3rd year.pdf,1,5585
c3ee137d4f22,table,table?,"EVEN SEMESTER EXAMINATION, 2023 – 24",CSE 3rd year.pdf,1,1025
0200d6bad125,take a graph and draw its,Take a graph and draw its,TCS-604 // 2000,CSE 3rd year.pdf,1,3620
9d1048b01b56,tasmsigmi jton vw,tasmsigmi 120jton vW,DS-1077],CSE 3rd year.pdf,1,6296
c95ee47689a0,tech,TECH (CSE) (SEMESTER-V),B.TECH (CSE) (SEMESTER-V),CSE 3rd year.pdf,1,2101
09706c418809,also,Also,Q.4.,CSE 3rd year.pdf,1,2501
c95ee47689a0,tech,TECH. (SEMESTER-V),B.TECH. (SEMESTER-V),CSE 3rd year.pdf,1,6573
c95ee47689a0,tech,TECH. (SEMESTER-VI),B.TECH. (SEMESTER-VI),CSE 3rd year.pdf,1,1234
c95ee47689a0,tech,Tech,NOTE:,CSE 3rd year.pdf,1,328
c95ee47689a0,tech,Tech (SEM.VI),TCS 604,CSE 3rd year.pdf,1,3508
c95ee47689a0,tech,Tech.,TCS 603,CSE 3rd year.pdf,1,486
c95ee47689a0,tech,Tech.,TCS-501,CSE 3rd year.pdf,1,2789
c95ee47689a0,tech,Tech.,TCS-501/1600,CSE 3rd year.pdf,1,848
c95ee47689a0,tech,Tech.,TCS-502,CSE 3rd year.pdf,1,5642
c95ee47689a0,tech,Tech.,TCS-503,CSE 3rd year.pdf,1,6371
c95ee47689a0,tech,Tech.,TCS-603,CSE 3rd year.pdf,1,5067
c95ee47689a0,tech,Tech. (CS) (6TH Semester),TCS-402/1960/4,CSE 3rd year.pdf,1,4276
c95ee47689a0,tech,Tech. (CS) (6TH Semester),TCS-601,CSE 3rd year.pdf,1,3672
c95ee47689a0,tech,Tech. (Computer Science Engg.) (SEMESTER-VI),TCS-602,CSE 3rd year.pdf,1,1511
c95ee47689a0,tech,Tech. (SEMESTER-VI),ARTIFICIAL INTELLIGENCE,CSE 3rd year.pdf,1,81
835e293d6a56,tech sed,TECH. (SEMESTER-V) sed,TCS-501,CSE 3rd year.pdf,1,624
161951980579,tech th semester cse,Tech. 4th Semester CSE,TCS-402,CSE 3rd year.pdf,1,3966
825347985204,telephone network very soon,telephone network very soon?,Q.4.,CSE 3rd year.pdf,1,2536
b3d23398142a,the difference between http and https protocol,the difference between http and https protocol?,Q.4.,CSE 3rd year.pdf,1,2526
9720dd72d878,the effective memory reference time,the effective memory reference time?,DS-1077],CSE 3rd year.pdf,1,6310
93d264da4b0e,the various clipping parameters in d clipping,the various clipping parameters in 3D clipping?,[P.T.O.],CSE 3rd year.pdf,1,736
1014c14dc602,time complexity of your algorithm,time complexity of your algorithm?,TCS-503/2280,CSE 3rd year.pdf,1,7482
12d5ce0ff77c,tomit,0 TomiT,TCS-601/1970/4,CSE 3rd year.pdf,1,3742
cf68b44af7a7,transmission impairment,transmission impairment?,[P.T.O.],CSE 3rd year.pdf,1,2234
36f343d2194d,tree for this string what language does this grammar generate,tree for this string.  What language does this grammar generate?,COMPILER DESIGN,CSE 3rd year.pdf,1,1153
706d704f3668,unguided media,unguided media?,COMPUTER NETWORKS,CSE 3rd year.pdf,1,3205
b3ec2aeb25e3,unhandled exceptions,unhandled exceptions?,TCS-605/000/3 1980,CSE 3rd year.pdf,1,4407
5fdc4368e0f8,also discuss the,Also discuss the,OM HOR,CSE 3rd year.pdf,1,5432
2a1e2f47b171,use the network architecture knowledge to compare,Use the network architecture knowledge to compare,ST021_005 | 103.170.7,CSE 3rd year.pdf,1,2320
691a77cd21a3,vs,vs,OPERATING SYSTEM,CSE 3rd year.pdf,1,6201
a110e6b9a361,what,What,TCS-402/1960/4,CSE 3rd year.pdf,1,4028
83a8677e40d9,what are approximation algorithms,(a) What are approximation algorithms?,[P.T.O.],CSE 3rd year.pdf,1,6715
165b1a0162ee,what are different types of jit,(b) What are different types of JIT?,TCS-402/1960/4,CSE 3rd year.pdf,1,4307
fdf4a8cc5a01,what are problems with the crt as a computer display,What are problems with the CRT as a computer display?,(4X5=20),CSE 3rd year.pdf,1,506
eba804536baf,what are reasons for using layered protocols,What are reasons for using layered protocols?,NETWORKS,CSE 3rd year.pdf,1,2430
34e7f51ca67d,what are s attributed and l attributed definition,(e) What are S-attributed and L-attributed definition?,BCST-602,CSE 3rd year.pdf,1,4535
52d2b29377dc,what are shared assemblies,(a) What are Shared Assemblies?,203-30T,CSE 3rd year.pdf,1,4455
84d73b6eeae6,what are the advantages and disadvantage of transport laver,What are the advantages and disadvantage of transport laver?,COMPUTER NETWORK,CSE 3rd year.pdf,1,2129
dda99d1e0189,what are the advantages and disadvantages of recording the name of the creating program with the file s attributes,What are the advantages and disadvantages of recording the name of the creating program with the file's attributes.,DS-1077],CSE 3rd year.pdf,1,6332
148f92ea583c,what are the benefits and the detriments of each of the following,(b) What are the benefits and the detriments of each of the following?,DS-1077],CSE 3rd year.pdf,1,6248
8cff945696fd,what are the differences and similarities between problem solving and planning,What are the differences and similarities between problem solving and planning?,(E),CSE 3rd year.pdf,1,380
8f0695e217f8,what are the different types,What are the different types,TCS-402/1960/4,CSE 3rd year.pdf,1,4325
0a19a9a77878,what are the different types of transmission technology,What are the different types of transmission technology?,UNIT-I,CSE 3rd year.pdf,1,5692
d3009b74269c,what are the limitations of propositional logic,What are the limitations of Propositional Logic?,APPLE,CSE 3rd year.pdf,1,149
e506b1d8a4a7,what are the network design issues involved in designing a typical network and what are the supporting design tools available to make the design as a good design explain how these design tools help to address design issues,What are the network design issues involved in designing a typical network and what are the supporting design tools available to make the design as a good design. Explain how these design tools help to address design issues.,UNIT-II,CSE 3rd year.pdf,1,5751
7ee435cad347,what are the responsibilities of session layer,(a) What are the responsibilities of session layer?,TCS-501/1600,CSE 3rd year.pdf,1,858
adaae45ab715,what are the values of snr and snrdb,What are the  values of SNR and SNRdB.,COMPUTER NETWORKS,CSE 3rd year.pdf,1,3181
fb04dda6449b,what are the various design issues for the layers,(c) What are the various design issues for the layers?,5X4-20,CSE 3rd year.pdf,1,884
eaea130b2259,what are the various logical graphics input primitives,What are the various logical graphics input primitives?,PTO,CSE 3rd year.pdf,1,2081
309b9f02af6a,what are the various stages in big data analytics life cycle,(b) What are the various stages in big data analytics life cycle?,Q4.,CSE 3rd year.pdf,1,4714
fa70e39de1a6,what are types of enumeration,What are types of enumeration?,DS-99721,CSE 3rd year.pdf,1,5974
599dfffc82da,what are various back face detection algorithm,What are various back face detection algorithm?,PTO,CSE 3rd year.pdf,1,2054
ec1c3983410e,what do we understand by the optimal,"(B) What do we understand by the ""optimal",SECTION-3,CSE 3rd year.pdf,1,6456
22302f5797ca,what do you mean by application layer,What do you mean by application layer?,UNIT-V,CSE 3rd year.pdf,1,5659
68056acd9de4,what do you mean by congestion control and qos,What do you mean by congestion control and QoS?,UNIT-IV,CSE 3rd year.pdf,1,5777
688b9de5dd8c,what do you mean by encapsulation,(b) What do you mean by Encapsulation?,203-30T,CSE 3rd year.pdf,1,4417
2411b241e071,what do you mean by looping unrolling,What do you mean by Looping unrolling?,[P.T.O.],CSE 3rd year.pdf,1,1583
88fea92b8d6c,what do you mean by reflection and shearing explain with diagram and matrix form,"What do you mean by reflection and shearing, explain with diagram and matrix form.",Section B,CSE 3rd year.pdf,1,1773
5fa82abcf33a,what do you mean by transmission impairment,What do you mean by transmission impairment?,[P.T.O.],CSE 3rd year.pdf,1,2232
c853e31434f3,what do you understand by ambiguity in grammar,What do you understand by ambiguity in grammar?,Q1.,CSE 3rd year.pdf,1,1303
8df422c18dcf,what do you understand by incidence matrix,(b) What do you understand by incidence matrix?,TCS-604 // 2000,CSE 3rd year.pdf,1,3620
f245d3be163b,what do you understand by lexical phase error and syntactic phase error,(b) What do you understand by Lexical phase error and syntactic phase error?,OLI OTOD OS => [,CSE 3rd year.pdf,1,5585
869543a8022a,also explain b trees,Also explain B trees,Q5.,CSE 3rd year.pdf,1,7618
580a67cd1516,also explain delay,Also explain delay,203-30T,CSE 3rd year.pdf,1,4455
4f3ff4c9472f,what do you understand by sliding window protocol and data link protocols,What do you understand by Sliding Window protocol and Data Link Protocols?,[P.T.O.],CSE 3rd year.pdf,1,2242
55427488a202,also use this algorithm to,also Use this algorithm to,[P.T.O.],CSE 3rd year.pdf,1,754
1a2fe145f4b7,what happens when we use the goemans williamson algorithm for max cut on a triangle square pentagon specifically what can be inferred on the algorithm s ratio and on the integrality ratio of the relaxation,"What happens when we use the Goemans-Williamson algorithm for MAX-CUT on a triangle? Square? Pentagon? Specifically, what can be inferred on the algorithm's ratio and on the integrality ratio of the relaxation?",(B),CSE 3rd year.pdf,1,6534
f8359e59868f,what is,What is,Q.4.,CSE 3rd year.pdf,1,2525
00600d43d4f0,what is a algorithm search method,(A) What is A* algorithm search method?,(F),CSE 3rd year.pdf,1,388
0415138c1c4e,what is a b tree,What is a B-Tree?,Q2.,CSE 3rd year.pdf,1,7554
100e05f351e3,what is a graph,(a) What is a Graph?,GRAPH THEORY,CSE 3rd year.pdf,1,3535
86cb8f0c95eb,what is a segment and segment table,What is a segment and segment table?,GRAPHICS,CSE 3rd year.pdf,1,2000
83272f4acb28,what is a spanning tree and a minimum spanni tree,What is a spanning tree and a minimum spanni tree?,DS-99721,CSE 3rd year.pdf,1,5973
fede4b97ae1e,what is a turing machine,What is a Turing machine?,ARTIFICIAL INTELLIGENCE,CSE 3rd year.pdf,1,5095
81d8a8eb1117,what is al,What is Al?,ARTIFICIAL INTELLIGENCE,CSE 3rd year.pdf,1,110
f902e3da58e7,what is an assembly,(d) What is an Assembly?,TCS-402/1960/4,CSE 3rd year.pdf,1,4325
27b5c4b643e1,what is an indexer in c,(f) What is an Indexer in C#?,TCS-605/000/3 1980,CSE 3rd year.pdf,1,4391
ea7509c65965,what is ant colony system,(C) What is Ant-Colony System?,10X 2,CSE 3rd year.pdf,1,457
f139f22f3884,what is artificial intelligence,What is Artificial Intelligence?,(F),CSE 3rd year.pdf,1,384
a6fe4194722f,what is b and b tree,What is B and B+ tree?,DESIGN & ANALYSIS OF ALGORITHM,CSE 3rd year.pdf,1,6589
22a9183b10a7,what is cluster,(a) What is Cluster?,Q4.,CSE 3rd year.pdf,1,4701
a21c967a480d,what is code optimization,(b) What is Code Optimization?,BCST-602,CSE 3rd year.pdf,1,4545
f801c8c5ed65,what is context switching,(c) What is Context switching?,TCS-601/1970/4,CSE 3rd year.pdf,1,3740
18ebc56c2ac7,what is cryptography,What is cryptography?,Q.4.,CSE 3rd year.pdf,1,2509
51cf23d867e3,what is dll hell problem,(b) What is DLL Hell problem?,203-30T,CSE 3rd year.pdf,1,4459
de6af60c3e71,what is expert system,(a) What is expert system?,DS-1079],CSE 3rd year.pdf,1,5203
2d29b238190e,what is expert system and characteristics of expert system with example,(B) What is expert system and characteristics of expert system with example?,10X 2,CSE 3rd year.pdf,1,456
6ba3d40b19c5,what is fuzzy logic,What is fuzzy logic?,(F),CSE 3rd year.pdf,1,394
4053d9947b3e,what is global data flow analysis,(a) What is global data flow analysis?,DS-1079],CSE 3rd year.pdf,1,5259
9a50f906771b,what is ieee standards used for lan and wireless explain,What is IEEE standards used for lan and wireless explain?,WAN,CSE 3rd year.pdf,1,2458
4444e2381bda,what is interface,(c) What is Interface?,203-30T,CSE 3rd year.pdf,1,4445
59ef094cae27,what is ip addressing,(b) What is IP Addressing?,[P.T.O.],CSE 3rd year.pdf,1,2251
e16273aaeabe,what is isdn,What is ISDN?,NETWORKS,CSE 3rd year.pdf,1,2432
df351e6f414f,what is isomorphism,(a) What is isomorphism?,TCS-604 // 2000,CSE 3rd year.pdf,1,3566
fe18600401b8,what is its use,What is its use,DS-1079],CSE 3rd year.pdf,1,5259
2aef3e0d2256,what is lex and yacc what is the format of lex input file,What is LEX and YACC. What is the format of LEX input file.,Q1.,CSE 3rd year.pdf,1,1262
4681151e3ae9,what is lexical analysis discuss the design of a lexical analyzer generator,(d) What is lexical analysis discuss the design of a lexical analyzer generator?,BCST-602,CSE 3rd year.pdf,1,4518
05c26bfdefdb,what is meant by syntax tree,(c) What is meant by syntax tree?,BCST-602,CSE 3rd year.pdf,1,4530
7bcfc35d2e21,what is minimum spanning tree,What is minimum spanning tree?,DESIGN & ANALYSIS OF ALGORITHM,CSE 3rd year.pdf,1,6601
35ff056923dd,what is multipurpose internet mail extension and for what it is used,What is multipurpose Internet Mail Extension (MIME) and for what it is used?,Q.4.,CSE 3rd year.pdf,1,2544
cd3c3f112791,what is multitasking and real time operating,What is Multitasking and real time Operating,TCS-601,CSE 3rd year.pdf,1,3706
14db5099ebcb,what is non monotonic reasoning,What is non-monotonic reasoning?,[P.T.O.],CSE 3rd year.pdf,1,223
e68d183cce29,what is one,What is one,COMPUTER NETWORKS,CSE 3rd year.pdf,1,3138
69ff8fa87e68,what is operating system,(a) What is operating system?,TCS-601,CSE 3rd year.pdf,1,3692
f152a650f065,what is piggybacking,(ii) What is piggybacking?,ST021_005 | 103.170.7,CSE 3rd year.pdf,1,2331
b8ec24f95f74,what is point to point protocol,What is point-to-point protocol?,[P.T.O.],CSE 3rd year.pdf,1,2244
ca7ba79388ff,what is seek time and rotational latency,(a) What is seek time and rotational latency?,TCS-601/1970/4,CSE 3rd year.pdf,1,3824
6d5cfe42f352,what is segment,What is segment?,COMPUTER GRAPHICS,CSE 3rd year.pdf,1,691
5fa245236650,what is separable graph,(a) What is Separable Graph?,TCS-604 // 2000,CSE 3rd year.pdf,1,3582
eeedec1f0bdc,what is silly window syndrome in tcp flow control,What is silly window syndrome in TCP flow control?,Q.4.,CSE 3rd year.pdf,1,2514
93040cb7fa2b,what is string matching algorithm,What is string matching algorithm?,Q5.,CSE 3rd year.pdf,1,7620
63d26c20f22a,what is symbol table,What is Symbol Table?,Q4.,CSE 3rd year.pdf,1,1436
63d26c20f22a,what is symbol table,What is symbol table?,OLI OTOD OS => [,CSE 3rd year.pdf,1,5590
5e1f380719a5,what is the common way to represent and parse grammars for natural language,What is the common way to represent and parse Grammars for natural language,(C),CSE 3rd year.pdf,1,370
b1edfa57ca4b,what is the computer network,What is the computer Network?,COMPUTER NETWORK,CSE 3rd year.pdf,1,2111
23c531ac2a40,what is the concept of boxing and unboxing,(a) What is the concept of boxing and unboxing?,TCS-605/000/3 1980,CSE 3rd year.pdf,1,4359
05b42191797a,what is the difference between strong artificial and week artificial intelligence,What is the difference between strong artificial and week artificial intelligence.,(C),CSE 3rd year.pdf,1,360
b780ffb200d4,what is the importance of connectivity in,What is the importance of Connectivity in,TCS-604 // 2000,CSE 3rd year.pdf,1,3582
9f157dd1d29f,what is the importance of travelling salesman problem in graph theory,(a) What is the importance of Travelling Salesman Problem in Graph Theory?,TCS-604 // 2000,CSE 3rd year.pdf,1,3618
e8162d8ebacf,what is the maximum and minimum size of a udp datagram,What is the maximum and minimum size of a UDP datagram?,Q.4.,CSE 3rd year.pdf,1,2501
f3383ea9b729,what is the network structure and architecture,What is the Network structure and architecture?,COMPUTER NETWORK,CSE 3rd year.pdf,1,2111
072c25f1f73a,what is the osi reference model,What is the OSI reference model?,COMPUTER NETWORK,CSE 3rd year.pdf,1,2113
3b828ad7debb,what is the reason for its inefficiency and how is it,What is the reason for its inefficiency and how is it,[P.T.O.],CSE 3rd year.pdf,1,2257
5cfec68b21d7,what is the role of kernal and shell in unix,What is the role of kernal and shell in Unix?,UNIX AND SHELL PROGRAMMING,CSE 3rd year.pdf,1,4004
d9ffa0837fc2,what is the role of lexical analyzer expain the process of constructing the nfa from regular expression,What is the role of lexical analyzer. Expain the process of constructing the NFA from regular expression.,Q1.,CSE 3rd year.pdf,1,1268
713ed7a45817,what is the significance of scatter plot matrix,(d) What is the significance of scatter plot matrix?,BCST-603,CSE 3rd year.pdf,1,4664
24f6c5978f88,what is the swarm intelligent system,(b) What is the swarm intelligent system?,TCS-603/1800,CSE 3rd year.pdf,1,291
da6b091932a8,what is the various input,What is the various input,PTO,CSE 3rd year.pdf,1,2081
722c6c77f4c1,what is thrashing,(b) What is thrashing?,TCS-601/1970/4,CSE 3rd year.pdf,1,3828
ce98688885a7,what is topological sorting,What is Topological sorting?,TCS-503/1680,CSE 3rd year.pdf,1,6770
d16b0d0e10f2,what is translator,What is Translator?,SECTION-E,CSE 3rd year.pdf,1,1668
5f3f4251f782,what is udp,What is UDP?,Q.4.,CSE 3rd year.pdf,1,2501
b0640ad3f241,what language is generated by the following grammar,What language is generated by the following grammar?,(X+Y) * (Y+Z) + (X+Y+Z),CSE 3rd year.pdf,1,1345
e9c5c91535ae,what steps are required to generate a circle using the polynomial method,What steps are required to generate a circle using the polynomial method,",C(60,40), D(20,40).",CSE 3rd year.pdf,1,1818
69db37a421d1,what steps are required to scan convert a circle using bresenham s algorithm,What steps are required to scan convert a circle using Bresenham's algorithm.,Section B,CSE 3rd year.pdf,1,1781
7b366274960d,an atm network uses a token bucket scheme for traffic shaping a new token is put into a bucket every micro seconds what is maximum sustainable net data rate excluding header bits,An ATM network uses a token bucket scheme for traffic shaping. A new token is put into a bucket every 5 micro seconds. What is maximum sustainable net data rate excluding header bits?,UNIT-II,CSE 3rd year.pdf,1,5755
619f0c8997ec,what would you gain and what would you lose by using this policy rather than lru,What would you gain and what would you lose by using this policy rather than LRU.,DS-1077],CSE 3rd year.pdf,1,6316
c0e317a5e5ae,when and how dynamic programming approach is applicable,When and how dynamic programming approach is applicable?,Q3.,CSE 3rd year.pdf,1,7579
ef775618c5f6,when does it occur,When does it occur?,TCS-601/1970/4,CSE 3rd year.pdf,1,3828
fab9df75fe66,when web pages are sent out they are prefixed,"When web pages are sent out, they are prefixed",UNIT-V,CSE 3rd year.pdf,1,5659
6cf970be9e7d,which algorithm makes the most efficient use of memory,Which algorithm makes the most efficient use of memory?,TCS-601/1970/4,CSE 3rd year.pdf,1,3854
cffa50a32cb1,and,"1, 6, 30), and (d1, d2, …..,  d7) = (1, 3, 4, 3, 2, 1, 2)?",ANALYSIS OF ALGORITHMS,CSE 3rd year.pdf,1,3046
7f55485d746f,why are multiple passes required in a compiler describe strategies for reducing the number of passes,Why are multiple passes required in a compiler. Describe strategies for reducing the number of passes.,Q1.,CSE 3rd year.pdf,1,1282
fb5df1c4717c,why bolare segmentation and paging sometimes combined bos into one,Why bolare segmentation and paging sometimes combined bos into one,DS-1077],CSE 3rd year.pdf,1,6295
9cf16234247a,why do we need bloom filter in filtering streams,(e) Why do we need Bloom filter in filtering streams?,BCST-603,CSE 3rd year.pdf,1,4666
beb952e847bd,and microprocessor,80386 and 80486 microprocessor?,Q4.,CSE 3rd year.pdf,1,5032
acb9894bd42b,why should page replacement be performed,(c) Why should page replacement be performed?,TCS-601/1970/4,CSE 3rd year.pdf,1,3830
734b27e39b15,why they are needed,Why they are needed?,CST021_005 |,CSE 3rd year.pdf,1,2377
921488d1f536,with a neat schematic explain the frame structure of,With a neat schematic explain the frame structure of,[P.T.O.],CSE 3rd year.pdf,1,2244
bb875a97f0a8,would you go about it,would you go about it?,TCS-402/1960/4,CSE 3rd year.pdf,1,4331
56576390164e,write a routine to implement,Write a routine to implement,UNIT - V,CSE 3rd year.pdf,1,2914
b048c9560078,write about various classes of ip addresses,Write about various classes of IP addresses?,COMPUTER NETWORK,CSE 3rd year.pdf,1,2113
ac0976e3db80,write advantage and disadvantage of,Write advantage and disadvantage of,ANALYSIS OF ALGORITHMS,CSE 3rd year.pdf,1,3094
81dc9594bdaa,write complete algorithm for topological sort,Write complete algorithm for Topological Sort.,TCS-503/1680,CSE 3rd year.pdf,1,6770
74408f722f63,write four differences between them,Write four differences between them.,DESIGN & ANALYSIS OF ALGORITHM,CSE 3rd year.pdf,1,6589
a2c591e3346b,write notes on rgb and hsv color models,Write notes on RGB and HSV color models?,PTO,CSE 3rd year.pdf,1,2079
8b2484d21801,write procedures for creation and deletion of segement with suitable examples,Write procedures for creation and deletion of segement with suitable examples?,GRAPHICS,CSE 3rd year.pdf,1,1998
fa816a149659,write short notes on open gl api and sierpinski gasket,(a) Write Short Notes on Open GL API and Sierpinski Gasket?,[P.T.O.],CSE 3rd year.pdf,1,810
811b2ee05a53,write the algorithm for partitioning into,Write the algorithm for partitioning into,"EVEN SEMESTER EXAMINATION, 2023 – 24",CSE 3rd year.pdf,1,1030
041f7cd49497,write the implementation of shortest,Write the implementation of shortest,CST021_005 |,CSE 3rd year.pdf,1,2360
37d4a4cf0968,write the sequence of vertices and cost of the shortest path from s to t,Write the sequence of vertices and cost of the shortest path from S to T.,TCS-503/1680,CSE 3rd year.pdf,1,6765
2627daced00e,write the utility of segment,Write the utility of segment.,GRAPHICS,CSE 3rd year.pdf,1,2000
d9dde960ae4a,write the various,Write the various,"EVEN SEMESTER EXAMINATION, 2023 – 24",CSE 3rd year.pdf,1,1026
b98e33841ddc,write two difference between prism and kruskal,Write two difference between prism and kruskal.,DESIGN & ANALYSIS OF ALGORITHM,CSE 3rd year.pdf,1,6601
11f6ad8ec52a,x,X3+1?,X3+1?,CSE 3rd year.pdf,1,892
abc51b014dcd,you access command line arguments from within a shell script,you access command line arguments from within a shell script?,TCS-402/1960/4,CSE 3rd year.pdf,1,4058
cd8ad7a326ab,you construct a minimum spanning tree using kruskal s algorithm,you  construct a minimum Spanning tree using Kruskal’s algorithm?,ANALYSIS OF ALGORITHMS,CSE 3rd year.pdf,1,3062
